,time,Target.x,Target.y,Target.z
1,16645,1,1,2
2,16646,1,1,2
3,16647,1,1,2
4,16648,1,1,2
5,16649,1,1,2
6,16650,1,1,2
7,16651,1,1,2
8,16652,1,1,2
9,16653,1,1,2
10,16654,1,1,2
11,16655,1,1,2
12,16656,1,1,2
13,16657,1,1,2
14,16658,1,1,2
15,16659,1,1,2
16,16660,1,1,2
17,16661,1,1,1
18,16662,1,1,1
19,16663,1,1,1
20,16664,1,1,1
21,16665,1,1,1
22,16666,1,1,1
23,16667,1,1,1
24,16668,1,1,1
25,16669,1,1,1
26,16670,1,1,1
27,16671,1,1,1
28,16672,1,1,1
29,16673,1,1,1
30,16674,1,1,1
31,16675,1,1,1
32,16676,1,1,1
33,16677,1,1,1
34,16678,1,1,1
35,16679,1,1,1
36,16680,1,1,1
37,16681,1,1,1
38,16682,1,1,1
39,16683,1,1,1
40,16684,1,1,1
41,16685,1,1,1
42,16686,1,1,1
43,16687,1,1,1
44,16688,1,1,1
45,16689,1,1,1
46,16690,1,1,1
47,16691,1,1,1
48,16692,1,1,1
49,16693,1,1,1
50,16694,1,1,1
51,16695,1,1,1
52,16696,1,1,1
53,16697,1,1,1
54,16698,1,1,1
55,16699,1,1,1
56,16700,1,1,1
57,16701,1,1,1
58,16702,1,1,1
59,16703,1,1,1
60,16704,1,1,1
61,16705,1,1,1
62,16706,1,1,1
63,16707,1,1,1
64,16708,1,1,1
65,16709,1,1,1
66,16710,1,1,1
67,16711,1,1,1
68,16712,1,1,1
69,16713,1,1,1
70,16714,1,1,1
71,16715,1,1,1
72,16716,1,1,1
73,16717,1,1,1
74,16718,1,1,1
75,16719,1,1,1
76,16720,1,1,1
77,16721,1,1,1
78,16722,1,1,1
79,16723,1,1,1
80,16724,1,1,1
81,16725,1,1,1
82,16726,1,1,1
83,16727,1,1,1
84,16728,1,1,1
85,16729,1,1,1
86,16730,1,1,1
87,16731,1,1,1
88,16732,1,1,1
89,16733,1,1,1
90,16734,1,1,1
91,16735,1,1,1
92,16736,1,1,1
93,16737,1,1,1
94,16738,1,1,2
95,16739,1,1,2
96,16740,1,1,2
97,16741,1,1,2
98,16742,1,1,2
99,16743,1,1,2
100,16744,1,1,2
101,16745,1,1,2
102,16746,1,1,2
103,16747,1,1,2
104,16748,1,1,2
105,16749,1,1,2
106,16750,1,1,2
107,16751,1,1,2
108,16752,1,1,2
109,16753,1,1,2
110,16754,1,1,2
111,16755,1,1,2
112,16756,1,1,2
113,16757,1,1,2
114,16758,1,1,2
115,16759,1,1,2
116,16760,1,1,2
117,16761,1,1,2
118,16762,1,1,2
119,16763,1,1,2
120,16764,1,1,2
121,16765,1,1,2
122,16766,1,1,2
123,16767,1,1,2
124,16768,1,1,2
125,16769,1,1,2
126,16770,1,1,2
127,16771,1,1,2
128,16772,1,1,2
129,16773,1,1,2
130,16774,1,1,2
131,16775,1,1,2
132,16776,1,1,2
133,16777,1,1,2
134,16778,1,1,2
135,16779,1,1,2
136,16780,1,1,2
137,16781,1,1,2
138,16782,1,1,2
139,16783,1,1,2
140,16784,1,1,2
141,16785,1,1,2
142,16786,1,1,2
143,16787,1,1,2
144,16788,1,1,2
145,16789,1,1,2
146,16790,1,1,2
147,16791,1,1,2
148,16792,1,1,2
149,16793,1,1,2
150,16794,1,1,2
151,16795,1,1,2
152,16796,1,1,2
153,16797,1,1,2
154,16798,1,1,2
155,16799,1,1,2
156,16800,1,1,2
157,16801,1,1,2
158,16802,1,1,2
159,16803,1,1,2
160,16804,1,1,2
161,16805,1,1,2
162,16806,1,1,2
163,16807,1,1,1
164,16808,1,1,1
165,16809,1,1,1
166,16810,1,1,1
167,16811,1,1,1
168,16812,1,1,1
169,16813,1,1,1
170,16814,1,1,1
171,16815,2,1,1
172,16816,2,1,1
173,16817,2,1,1
174,16818,2,1,1
175,16819,2,1,1
176,16820,2,1,1
177,16821,2,1,1
178,16822,2,1,1
179,16823,2,1,1
180,16824,2,1,1
181,16825,2,1,1
182,16826,2,1,1
183,16827,2,1,1
184,16828,2,1,1
185,16829,2,1,1
186,16830,2,1,1
187,16831,2,1,1
188,16832,2,1,1
189,16833,2,1,1
190,16834,2,1,1
191,16835,2,1,1
192,16836,2,1,1
193,16837,2,1,1
194,16838,2,1,1
195,16839,2,1,1
196,16840,2,1,1
197,16841,2,1,1
198,16842,2,1,1
199,16843,2,1,1
200,16844,2,1,1
201,16845,2,1,1
202,16846,2,1,1
203,16847,8,1,1
204,16848,8,1,1
205,16849,8,1,1
206,16850,8,1,1
207,16851,8,1,1
208,16852,8,1,1
209,16853,8,1,1
210,16854,8,1,1
211,16855,8,1,1
212,16856,8,1,1
213,16857,8,1,1
214,16858,8,1,1
215,16859,8,1,2
216,16860,8,1,2
217,16861,8,1,2
218,16862,8,1,2
219,16863,8,1,8
220,16864,8,1,8
221,16865,8,1,8
222,16866,8,1,2
223,16867,8,1,2
224,16868,8,1,2
225,16869,8,1,2
226,16870,2,1,2
227,16871,2,1,2
228,16872,2,1,2
229,16873,2,1,2
230,16874,2,1,2
231,16875,2,1,2
232,16876,2,1,2
233,16877,2,1,2
234,16878,10,1,1
235,16879,10,1,1
236,16880,10,1,1
237,16881,10,1,1
238,16882,10,1,1
239,16883,10,1,1
240,16884,10,1,1
241,16885,10,1,1
242,16886,10,1,1
243,16887,10,1,1
244,16888,10,1,1
245,16889,10,1,1
246,16890,10,1,1
247,16891,10,1,19
248,16892,10,1,19
249,16893,10,1,19
250,16894,10,1,19
251,16895,10,1,19
252,16896,10,1,19
253,16897,10,1,19
254,16898,10,1,19
255,16899,10,1,19
256,16900,10,1,19
257,16901,10,1,19
258,16902,10,1,19
259,16903,10,1,19
260,16904,10,1,19
261,16905,1,1,19
262,16906,1,1,19
263,16907,1,1,19
264,16908,1,1,7
265,16909,1,1,7
266,16910,1,1,7
267,16911,10,1,7
268,16912,10,1,7
269,16913,10,1,7
270,16914,10,1,7
271,16915,10,1,7
272,16916,10,1,19
273,16917,10,1,19
274,16918,10,1,19
275,16919,10,1,19
276,16920,10,1,19
277,16921,10,1,19
278,16922,10,1,19
279,16923,10,1,19
280,16924,10,1,19
281,16925,10,1,19
282,16926,10,1,19
283,16927,10,1,19
284,16928,10,1,19
285,16929,10,1,19
286,16930,10,1,19
287,16931,10,1,19
288,16932,10,1,19
289,16933,10,1,19
290,16934,10,1,19
291,16935,10,1,19
292,16936,10,18,19
293,16937,10,18,19
294,16938,10,18,19
295,16939,10,18,19
296,16940,10,18,19
297,16941,10,18,19
298,16942,10,18,19
299,16943,10,18,19
300,16944,10,18,19
301,16945,10,18,19
302,16946,10,18,19
303,16947,10,18,19
304,16948,10,18,19
305,16949,10,18,19
306,16950,10,18,19
307,16951,10,18,19
308,16952,10,18,19
309,16953,10,18,19
310,16954,10,18,19
311,16955,10,18,19
312,16956,10,18,19
313,16957,10,18,19
314,16958,10,18,19
315,16959,10,18,19
316,16960,10,18,19
317,16961,10,18,19
318,16962,10,18,19
319,16963,10,18,19
320,16964,10,18,19
321,16965,10,18,19
322,16966,10,18,19
323,16967,10,18,19
324,16968,10,18,19
325,16969,10,18,19
326,16970,10,18,19
327,16971,10,18,19
328,16972,10,18,19
329,16973,10,18,19
330,16974,10,18,19
331,16975,10,18,19
332,16976,10,18,19
333,16977,10,18,19
334,16978,10,18,19
335,16979,10,18,19
336,16980,10,18,19
337,16981,10,18,19
338,16982,10,18,19
339,16983,10,18,19
340,16984,10,18,19
341,16985,10,18,19
342,16986,10,18,19
343,16987,10,18,19
344,16988,10,18,19
345,16989,10,18,19
346,16990,10,18,19
347,16991,10,18,19
348,16992,10,18,19
349,16993,10,18,19
350,16994,10,18,19
351,16995,10,18,19
352,16996,10,18,19
353,16997,10,18,19
354,16998,10,18,19
355,16999,10,18,19
356,17000,10,18,19
357,17001,10,18,19
358,17002,10,18,19
359,17003,10,18,19
360,17004,10,18,19
361,17005,10,18,19
362,17006,10,18,19
363,17007,10,18,19
364,17008,10,18,19
365,17009,10,18,19
366,17010,10,18,19
367,17011,10,18,19
368,17012,10,18,19
369,17013,10,18,19
370,17014,10,18,19
371,17015,10,18,19
372,17016,10,18,19
373,17017,10,18,19
374,17018,10,18,19
375,17019,10,18,19
376,17020,10,18,19
377,17021,10,18,19
378,17022,10,18,19
379,17023,10,18,19
380,17024,10,18,19
381,17025,10,18,19
382,17026,10,18,19
383,17027,10,18,19
384,17028,10,18,19
385,17029,10,18,19
386,17030,10,18,19
387,17031,10,18,19
388,17032,10,18,19
389,17033,10,18,19
390,17034,10,18,19
391,17035,10,18,19
392,17036,10,18,19
393,17037,10,18,19
394,17038,10,18,19
395,17039,10,18,19
396,17040,10,18,19
397,17041,10,18,19
398,17042,10,18,19
399,17043,10,18,19
400,17044,10,18,19
401,17045,10,18,19
402,17046,10,18,19
403,17047,10,18,19
404,17048,10,18,19
405,17049,10,18,19
406,17050,10,18,19
407,17051,10,18,19
408,17052,10,18,19
409,17053,10,18,19
410,17054,10,18,19
411,17055,10,18,19
412,17056,10,18,19
413,17057,10,18,19
414,17058,10,18,19
415,17059,10,18,19
416,17060,10,18,19
417,17061,10,18,19
418,17062,10,18,19
419,17063,10,18,19
420,17064,10,18,19
421,17065,10,18,19
422,17066,10,18,19
423,17067,10,18,19
424,17068,10,18,19
425,17069,10,18,19
426,17070,10,18,19
427,17071,10,18,19
428,17072,10,18,19
429,17073,10,18,19
430,17074,10,18,19
431,17075,10,18,19
432,17076,10,18,19
433,17077,10,18,19
434,17078,10,18,19
435,17079,10,18,19
436,17080,10,18,19
437,17081,10,18,19
438,17082,10,18,19
439,17083,10,18,19
440,17084,10,18,19
441,17085,10,18,19
442,17086,10,18,19
443,17087,10,18,19
444,17088,10,18,19
445,17089,10,18,19
446,17090,10,18,19
447,17091,10,18,19
448,17092,10,18,19
449,17093,10,18,19
450,17094,10,18,19
451,17095,10,18,19
452,17096,10,18,19
453,17097,10,18,19
454,17098,10,18,19
455,17099,10,18,19
456,17100,10,18,19
457,17101,10,18,19
458,17102,10,18,19
459,17103,10,18,19
460,17104,10,18,19
461,17105,10,18,19
462,17106,10,18,19
463,17107,10,18,19
464,17108,10,18,19
465,17109,10,18,19
466,17110,10,18,19
467,17111,10,18,19
468,17112,10,18,19
469,17113,10,18,19
470,17114,10,18,19
471,17115,10,18,19
472,17116,10,18,19
473,17117,10,18,19
474,17118,10,18,19
475,17119,10,18,19
476,17120,10,18,19
477,17121,10,18,19
478,17122,10,18,19
479,17123,10,18,19
480,17124,10,18,19
481,17125,10,18,19
482,17126,10,18,19
483,17127,10,1,19
484,17128,10,1,19
485,17129,10,1,19
486,17130,10,1,19
487,17131,10,1,19
488,17132,10,1,19
489,17133,10,1,19
490,17134,10,1,19
491,17135,10,1,19
492,17136,10,1,19
493,17137,10,1,19
494,17138,10,1,19
495,17139,10,1,19
496,17140,10,1,19
497,17141,10,1,19
498,17142,10,1,19
499,17143,10,1,19
500,17144,10,1,19
501,17145,10,1,19
502,17146,10,1,19
503,17147,10,1,19
504,17148,10,1,19
505,17149,10,1,19
506,17150,10,1,19
507,17151,10,1,19
508,17152,10,1,19
509,17153,10,1,19
510,17154,10,1,19
511,17155,10,1,19
512,17156,10,1,19
513,17157,10,1,19
514,17158,10,1,19
515,17159,10,1,19
516,17160,10,1,19
517,17161,10,1,19
518,17162,10,1,19
519,17163,10,1,19
520,17164,10,1,19
521,17165,10,1,19
522,17166,10,1,19
523,17167,10,1,19
524,17168,10,1,19
525,17169,10,1,19
526,17170,10,1,19
527,17171,10,1,19
528,17172,10,1,19
529,17173,10,1,19
530,17174,10,1,19
531,17175,10,1,19
532,17176,10,1,19
533,17177,10,1,19
534,17178,10,1,19
535,17179,10,1,19
536,17180,10,1,19
537,17181,10,1,19
538,17182,10,1,19
539,17183,10,1,19
540,17184,10,1,19
541,17185,10,1,19
542,17186,10,1,19
543,17187,10,1,19
544,17188,10,1,19
545,17189,10,1,19
546,17190,10,1,19
547,17191,10,1,19
548,17192,10,1,19
549,17193,10,1,19
550,17194,10,1,19
551,17195,10,1,19
552,17196,10,1,19
553,17197,10,1,19
554,17198,10,1,19
555,17199,10,1,19
556,17200,10,1,19
557,17201,10,1,19
558,17202,10,1,19
559,17203,10,1,19
560,17204,10,1,19
561,17205,10,1,19
562,17206,10,1,19
563,17207,10,1,19
564,17208,10,1,19
565,17209,10,1,19
566,17210,10,1,19
567,17211,10,1,19
568,17212,10,1,19
569,17213,10,1,19
570,17214,10,1,19
571,17215,10,1,19
572,17216,10,1,1
573,17217,10,1,1
574,17218,10,1,1
575,17219,10,1,1
576,17220,10,1,1
577,17221,10,1,1
578,17222,10,1,1
579,17223,10,1,1
580,17224,10,1,1
581,17225,10,1,1
582,17226,10,1,1
583,17227,10,1,1
584,17228,10,1,1
585,17229,10,1,1
586,17230,1,1,1
587,17231,1,1,1
588,17232,8,1,1
589,17233,8,1,1
590,17234,8,1,1
591,17235,8,1,8
592,17236,8,1,8
593,17237,8,1,1
594,17238,8,1,1
595,17239,8,1,1
596,17240,8,1,1
597,17241,8,1,1
598,17242,8,1,19
599,17243,8,1,19
600,17244,8,1,19
601,17245,8,1,19
602,17246,8,1,1
603,17247,8,1,1
604,17248,8,1,1
605,17249,8,1,1
606,17250,8,1,1
607,17251,8,1,1
608,17252,2,1,2
609,17253,2,1,2
610,17254,2,1,2
611,17255,2,1,2
612,17256,2,1,2
613,17257,2,1,2
614,17258,2,1,2
615,17259,2,1,2
616,17260,2,1,2
617,17261,2,1,2
618,17262,2,1,2
619,17263,2,1,2
620,17264,2,1,2
621,17265,2,1,2
622,17266,2,8,2
623,17267,2,8,2
624,17268,2,8,2
625,17269,8,8,2
626,17270,8,8,2
627,17271,2,8,2
628,17272,2,8,8
629,17273,2,8,8
630,17274,2,8,8
631,17275,2,8,8
632,17276,2,8,8
633,17277,2,8,8
634,17278,2,8,8
635,17279,2,8,8
636,17280,2,8,8
637,17281,2,8,8
638,17282,2,8,19
639,17283,2,8,19
640,17284,2,8,19
641,17285,2,8,19
642,17286,2,8,19
643,17287,2,8,19
644,17288,2,8,19
645,17289,2,8,19
646,17290,2,8,19
647,17291,2,8,19
648,17292,2,8,19
649,17293,2,8,19
650,17294,8,8,19
651,17295,8,8,19
652,17296,8,8,19
653,17297,8,8,19
654,17298,8,8,19
655,17299,8,8,19
656,17300,8,8,19
657,17301,8,8,19
658,17302,8,8,19
659,17303,8,8,19
660,17304,8,8,8
661,17305,8,8,8
662,17306,8,8,8
663,17307,8,8,8
664,17308,8,8,8
665,17309,8,8,8
666,17310,8,8,8
667,17311,8,8,8
668,17312,8,8,8
669,17313,8,8,8
670,17314,8,8,8
671,17315,8,8,8
672,17316,8,8,8
673,17317,8,8,8
674,17318,8,8,8
675,17319,8,8,8
676,17320,8,8,8
677,17321,8,1,8
678,17322,8,1,8
679,17323,8,1,8
680,17324,8,1,8
681,17325,8,1,8
682,17326,8,1,8
683,17327,8,1,8
684,17328,8,1,8
685,17329,8,1,8
686,17330,8,1,8
687,17331,8,1,8
688,17332,8,1,8
689,17333,8,1,8
690,17334,8,1,8
691,17335,8,1,8
692,17336,8,1,8
693,17337,8,1,8
694,17338,8,1,8
695,17339,8,1,8
696,17340,8,1,8
697,17341,8,1,8
698,17342,3,1,8
699,17343,3,1,8
700,17344,3,1,8
701,17345,3,1,8
702,17346,3,1,8
703,17347,8,1,8
704,17348,8,1,8
705,17349,8,1,8
706,17350,8,1,8
707,17351,8,1,8
708,17352,8,1,8
709,17353,8,1,8
710,17354,8,1,2
711,17355,8,1,2
712,17356,8,1,2
713,17357,8,1,2
714,17358,8,18,2
715,17359,2,18,2
716,17360,2,18,2
717,17361,2,18,2
718,17362,2,18,2
719,17363,2,18,2
720,17364,2,18,2
721,17365,2,18,2
722,17366,2,18,2
723,17367,2,18,2
724,17368,2,18,2
725,17369,2,1,2
726,17370,2,1,2
727,17371,2,1,2
728,17372,1,1,2
729,17373,1,1,2
730,17374,1,1,2
731,17375,1,1,2
732,17376,1,8,3
733,17377,1,8,3
734,17378,1,8,3
735,17379,2,8,8
736,17380,2,8,8
737,17381,2,8,8
738,17382,2,8,8
739,17383,2,8,8
740,17384,2,8,8
741,17385,2,8,8
742,17386,2,8,8
743,17387,2,8,8
744,17388,2,8,8
745,17389,2,8,8
746,17390,2,8,8
747,17391,2,8,8
748,17392,2,8,8
749,17393,2,8,8
750,17394,2,8,8
751,17395,2,8,8
752,17396,2,8,1
753,17397,2,8,1
754,17398,2,8,1
755,17399,2,8,1
756,17400,2,8,1
757,17401,2,8,1
758,17402,2,8,1
759,17403,2,8,8
760,17404,2,8,8
761,17405,2,8,8
762,17406,2,8,8
763,17407,1,8,8
764,17408,1,8,8
765,17409,1,8,8
766,17410,1,8,8
767,17411,1,8,8
768,17412,1,8,8
769,17413,1,8,8
770,17414,1,8,8
771,17415,1,8,8
772,17416,7,8,8
773,17417,7,8,8
774,17418,7,8,8
775,17419,7,8,2
776,17420,7,8,2
777,17421,7,8,2
778,17422,7,8,2
779,17423,7,8,2
780,17424,7,8,2
781,17425,7,8,2
782,17426,7,8,1
783,17427,7,8,1
784,17428,7,8,1
785,17429,7,8,1
786,17430,7,8,1
787,17431,7,8,1
788,17432,7,8,1
789,17433,7,8,1
790,17434,7,8,1
791,17435,7,8,1
792,17436,7,8,2
793,17437,7,8,2
794,17438,7,8,2
795,17439,7,8,2
796,17440,7,8,2
797,17441,7,8,8
798,17442,7,8,8
799,17443,7,8,8
800,17444,7,8,8
801,17445,7,8,8
802,17446,7,8,8
803,17447,7,8,8
804,17448,7,8,8
805,17449,7,8,8
806,17450,7,8,8
807,17451,7,8,8
808,17452,8,8,8
809,17453,8,2,8
810,17454,8,2,8
811,17455,8,2,8
812,17456,8,2,8
813,17457,8,2,8
814,17458,8,2,8
815,17459,8,2,8
816,17460,2,2,8
817,17461,2,2,8
818,17462,2,2,8
819,17463,2,2,8
820,17464,2,2,8
821,17465,2,2,8
822,17466,2,2,2
823,17467,2,2,2
824,17468,2,2,2
825,17469,2,2,2
826,17470,2,2,2
827,17471,2,13,2
828,17472,2,13,2
829,17473,2,13,2
830,17474,2,13,2
831,17475,2,13,2
832,17476,2,13,2
833,17477,8,13,2
834,17478,8,13,3
835,17479,8,13,3
836,17480,8,13,3
837,17481,8,13,3
838,17482,8,13,3
839,17483,8,3,3
840,17484,8,3,3
841,17485,8,3,3
842,17486,8,3,3
843,17487,2,3,3
844,17488,2,3,3
845,17489,2,3,3
846,17490,2,3,3
847,17491,2,3,3
848,17492,2,3,3
849,17493,2,3,3
850,17494,1,3,3
851,17495,1,3,3
852,17496,1,3,3
853,17497,1,3,3
854,17498,1,3,3
855,17499,1,3,3
856,17500,1,3,3
857,17501,1,3,3
858,17502,1,3,3
859,17503,1,3,3
860,17504,1,3,3
861,17505,1,3,3
862,17506,1,3,3
863,17507,1,3,3
864,17508,1,3,3
865,17509,1,3,3
866,17510,1,3,3
867,17511,1,3,3
868,17512,1,3,3
869,17513,1,3,3
870,17514,2,3,3
871,17515,2,3,3
872,17516,2,3,3
873,17517,2,3,3
874,17518,2,3,3
875,17519,2,3,3
876,17520,2,3,3
877,17521,2,3,3
878,17522,2,3,3
879,17523,2,3,3
880,17524,2,3,3
881,17525,2,3,1
882,17526,2,3,1
883,17527,2,3,1
884,17528,2,3,1
885,17529,2,3,1
886,17530,2,3,1
887,17531,2,3,1
888,17532,2,3,1
889,17533,2,3,1
890,17534,2,3,1
891,17535,2,3,1
892,17536,2,3,1
893,17537,2,3,1
894,17538,2,3,1
895,17539,2,3,1
896,17540,2,3,1
897,17541,2,3,1
898,17542,2,3,19
899,17543,2,3,19
900,17544,2,3,19
901,17545,2,3,19
902,17546,2,3,19
903,17547,2,3,3
904,17548,2,3,3
905,17549,2,1,3
906,17550,2,1,2
907,17551,2,1,2
908,17552,2,1,2
909,17553,2,1,2
910,17554,2,1,2
911,17555,2,1,2
912,17556,2,1,2
913,17557,2,1,19
914,17558,2,1,19
915,17559,2,1,19
916,17560,2,1,19
917,17561,2,1,19
918,17562,2,1,19
919,17563,2,1,19
920,17564,2,1,19
921,17565,2,1,19
922,17566,2,1,19
923,17567,2,1,19
924,17568,2,1,19
925,17569,2,1,19
926,17570,2,1,19
927,17571,2,1,19
928,17572,2,1,19
929,17573,2,1,19
930,17574,2,1,19
931,17575,2,1,19
932,17576,2,1,19
933,17577,2,1,19
934,17578,2,1,19
935,17579,2,1,19
936,17580,2,1,19
937,17581,2,1,19
938,17582,2,1,19
939,17583,2,1,19
940,17584,2,1,19
941,17585,2,1,19
942,17586,2,1,19
943,17587,2,1,19
944,17588,2,1,19
945,17589,2,1,19
946,17590,2,1,19
947,17591,2,1,19
948,17592,2,1,19
949,17593,2,1,19
950,17594,2,1,19
951,17595,2,1,19
952,17596,2,1,19
953,17597,2,1,19
954,17598,2,1,19
955,17599,2,1,19
956,17600,2,1,19
957,17601,2,1,19
958,17602,2,1,19
959,17603,2,1,19
960,17604,2,1,19
961,17605,2,1,19
962,17606,2,1,2
963,17607,2,1,2
964,17608,2,1,2
965,17609,1,1,2
966,17610,1,1,2
967,17611,1,1,2
968,17612,1,1,2
969,17613,1,1,2
970,17614,1,1,2
971,17615,1,1,2
972,17616,1,1,1
973,17617,1,1,1
974,17618,1,1,1
975,17619,1,1,1
976,17620,1,1,1
977,17621,1,1,19
978,17622,1,1,19
979,17623,1,1,1
980,17624,1,1,1
981,17625,1,1,1
982,17626,1,1,1
983,17627,1,1,1
984,17628,1,1,1
985,17629,1,1,1
986,17630,1,1,1
987,17631,1,1,1
988,17632,1,1,1
989,17633,1,1,1
990,17634,1,1,1
991,17635,1,1,1
992,17636,1,1,1
993,17637,1,1,1
994,17638,1,1,7
995,17639,1,1,7
996,17640,1,1,7
997,17641,1,1,7
998,17642,1,1,7
999,17643,1,1,9
1000,17644,2,1,9
1001,17645,2,1,9
1002,17646,2,1,9
1003,17647,2,1,9
1004,17648,2,1,9
1005,17649,2,1,9
1006,17650,2,1,9
1007,17651,2,1,9
1008,17652,2,1,9
1009,17653,2,1,9
1010,17654,2,1,9
1011,17655,2,1,9
1012,17656,2,1,9
1013,17657,2,1,9
1014,17658,2,1,9
1015,17659,2,1,9
1016,17660,2,1,9
1017,17661,2,1,9
1018,17662,2,1,9
1019,17663,2,1,9
1020,17664,2,1,9
1021,17665,2,1,9
1022,17666,2,1,9
1023,17667,2,1,9
1024,17668,2,1,9
1025,17669,2,1,9
1026,17670,2,1,9
1027,17671,2,1,9
1028,17672,2,1,9
1029,17673,2,1,9
1030,17674,2,1,9
1031,17675,2,1,9
1032,17676,2,1,9
1033,17677,2,1,9
1034,17678,2,1,9
1035,17679,2,1,9
1036,17680,2,1,9
1037,17681,2,1,9
1038,17682,2,1,9
1039,17683,2,1,9
1040,17684,2,1,9
1041,17685,2,1,9
1042,17686,2,1,9
1043,17687,2,1,9
1044,17688,2,1,9
1045,17689,2,1,9
1046,17690,2,1,9
1047,17691,2,1,9
1048,17692,2,1,9
1049,17693,2,1,9
1050,17694,2,1,9
1051,17695,2,1,9
1052,17696,2,1,9
1053,17697,2,1,9
1054,17698,2,1,9
1055,17699,1,1,9
1056,17700,1,1,9
1057,17701,1,1,9
1058,17702,1,1,9
1059,17703,1,1,19
1060,17704,1,1,19
1061,17705,1,1,19
1062,17706,1,1,1
1063,17707,1,1,1
1064,17708,1,1,1
1065,17709,2,1,1
1066,17710,2,1,1
1067,17711,2,1,1
1068,17712,2,1,1
1069,17713,2,1,1
1070,17714,2,1,1
1071,17715,2,1,1
1072,17716,2,1,3
1073,17717,2,1,3
1074,17718,2,1,3
1075,17719,2,1,3
1076,17720,2,1,3
1077,17721,2,1,3
1078,17722,2,1,3
1079,17723,2,1,2
1080,17724,2,1,2
1081,17725,2,1,2
1082,17726,2,1,2
1083,17727,2,1,2
1084,17728,2,1,2
1085,17729,2,1,2
1086,17730,2,1,2
1087,17731,2,1,19
1088,17732,2,1,19
1089,17733,2,1,19
1090,17734,2,1,19
1091,17735,2,1,19
1092,17736,2,1,19
1093,17737,2,1,19
1094,17738,2,1,19
1095,17739,2,1,19
1096,17740,2,1,19
1097,17741,2,1,2
1098,17742,2,1,2
1099,17743,2,1,2
1100,17744,2,1,2
1101,17745,2,1,2
1102,17746,2,1,2
1103,17747,2,1,2
1104,17748,2,1,2
1105,17749,2,1,2
1106,17750,2,1,2
1107,17751,2,1,2
1108,17752,2,1,2
1109,17753,2,1,2
1110,17754,2,1,2
1111,17755,2,1,2
1112,17756,2,1,2
1113,17757,2,1,2
1114,17758,2,1,2
1115,17759,2,1,2
1116,17760,2,1,2
1117,17761,2,1,3
1118,17762,2,1,3
1119,17763,2,3,3
1120,17764,2,3,3
1121,17765,2,3,3
1122,17766,2,3,3
1123,17767,2,3,3
1124,17768,2,3,3
1125,17769,2,3,3
1126,17770,2,3,3
1127,17771,2,3,3
1128,17772,2,3,3
1129,17773,2,3,3
1130,17774,2,3,3
1131,17775,2,3,3
1132,17776,2,3,3
1133,17777,2,3,3
1134,17778,2,3,3
1135,17779,2,3,3
1136,17780,2,3,3
1137,17781,2,3,3
1138,17782,2,3,3
1139,17783,2,3,3
1140,17784,1,3,3
1141,17785,10,3,3
1142,17786,10,3,3
1143,17787,10,3,3
1144,17788,10,3,3
1145,17789,10,3,3
1146,17790,10,3,3
1147,17791,10,3,3
1148,17792,10,3,3
1149,17793,3,3,3
1150,17794,3,3,3
1151,17795,3,3,3
1152,17796,3,3,3
1153,17797,3,3,3
1154,17798,3,3,2
1155,17799,3,3,2
1156,17800,3,3,2
1157,17801,3,3,2
1158,17802,3,3,2
1159,17803,3,3,2
1160,17804,3,3,2
1161,17805,3,3,2
1162,17806,3,3,3
1163,17807,3,3,3
1164,17808,3,3,3
1165,17809,3,3,3
1166,17810,3,3,3
1167,17811,3,3,3
1168,17812,3,3,3
1169,17813,3,3,3
1170,17814,3,3,3
1171,17815,3,3,3
1172,17816,2,3,3
1173,17817,2,3,3
1174,17818,2,3,3
1175,17819,2,3,3
1176,17820,2,3,3
1177,17821,2,3,3
1178,17822,2,3,3
1179,17823,2,3,3
1180,17824,2,3,3
1181,17825,2,3,3
1182,17826,2,3,1
1183,17827,2,3,1
1184,17828,2,3,1
1185,17829,2,3,2
1186,17830,2,3,2
1187,17831,2,3,2
1188,17832,2,3,2
1189,17833,2,3,2
1190,17834,2,3,2
1191,17835,2,3,2
1192,17836,2,3,2
1193,17837,2,3,2
1194,17838,2,3,2
1195,17839,2,3,2
1196,17840,2,3,2
1197,17841,2,3,2
1198,17842,2,3,2
1199,17843,2,3,2
1200,17844,2,3,2
1201,17845,2,3,2
1202,17846,2,3,2
1203,17847,2,3,2
1204,17848,2,3,2
1205,17849,2,3,1
1206,17850,2,3,1
1207,17851,2,3,1
1208,17852,2,3,1
1209,17853,2,3,1
1210,17854,2,3,1
1211,17855,2,3,1
1212,17856,2,3,1
1213,17857,2,3,1
1214,17858,2,3,1
1215,17859,2,3,1
1216,17860,2,3,1
1217,17861,2,3,1
1218,17862,2,3,1
1219,17863,2,3,1
1220,17864,2,3,1
1221,17865,2,3,1
1222,17866,2,3,1
1223,17867,2,3,3
1224,17868,2,1,3
1225,17869,2,1,3
1226,17870,2,1,3
1227,17871,2,1,3
1228,17872,2,1,3
1229,17873,2,1,1
1230,17874,2,1,1
1231,17875,2,1,1
1232,17876,2,1,1
1233,17877,2,1,1
1234,17878,2,1,1
1235,17879,2,1,1
1236,17880,2,1,2
1237,17881,2,1,2
1238,17882,2,1,2
1239,17883,2,1,2
1240,17884,2,1,2
1241,17885,2,1,2
1242,17886,2,1,2
1243,17887,2,1,2
1244,17888,2,1,2
1245,17889,2,1,2
1246,17890,2,1,2
1247,17891,2,1,2
1248,17892,2,1,2
1249,17893,2,1,2
1250,17894,2,1,2
1251,17895,2,1,2
1252,17896,2,1,2
1253,17897,2,1,2
1254,17898,2,1,2
1255,17899,2,1,2
1256,17900,2,1,2
1257,17901,2,1,2
1258,17902,2,1,2
1259,17903,2,1,2
1260,17904,2,1,2
1261,17905,2,1,2
1262,17906,2,1,2
1263,17907,2,1,2
1264,17908,2,1,2
1265,17909,2,1,2
1266,17910,2,1,2
1267,17911,2,1,1
1268,17912,2,1,1
1269,17913,2,1,1
1270,17914,2,1,1
1271,17915,2,1,92
1272,17916,2,1,92
1273,17917,2,1,92
1274,17918,2,1,92
1275,17919,2,1,92
1276,17920,2,1,92
1277,17921,2,1,92
1278,17922,2,1,1
1279,17923,2,1,1
1280,17924,2,1,1
1281,17925,2,1,1
1282,17926,2,1,1
1283,17927,2,1,1
1284,17928,2,1,1
1285,17929,2,1,1
1286,17930,2,1,1
1287,17931,2,1,1
1288,17932,2,1,2
1289,17933,2,1,2
1290,17934,2,1,2
1291,17935,2,1,2
1292,17936,2,1,2
1293,17937,2,1,2
1294,17938,2,1,2
1295,17939,2,1,2
1296,17940,2,1,19
1297,17941,2,1,19
1298,17942,2,1,19
1299,17943,2,1,19
1300,17944,2,1,19
1301,17945,2,1,19
1302,17946,2,1,19
1303,17947,2,1,19
1304,17948,2,1,19
1305,17949,2,1,19
1306,17950,2,1,19
1307,17951,2,1,19
1308,17952,2,1,19
1309,17953,2,1,19
1310,17954,2,1,19
1311,17955,2,1,19
1312,17956,2,1,19
1313,17957,2,1,19
1314,17958,2,1,19
1315,17959,2,1,19
1316,17960,2,1,19
1317,17961,2,1,19
1318,17962,2,1,19
1319,17963,2,1,19
1320,17964,2,1,19
1321,17965,2,1,19
1322,17966,2,1,19
1323,17967,2,1,19
1324,17968,2,1,19
1325,17969,2,1,19
1326,17970,2,1,19
1327,17971,2,1,19
1328,17972,2,1,19
1329,17973,2,1,19
1330,17974,2,1,19
1331,17975,2,1,19
1332,17976,2,1,19
1333,17977,2,1,19
1334,17978,2,1,19
1335,17979,2,1,19
1336,17980,2,1,19
1337,17981,2,1,19
1338,17982,2,1,19
1339,17983,2,1,19
1340,17984,2,1,19
1341,17985,2,1,19
1342,17986,2,1,19
1343,17987,2,1,19
1344,17988,2,1,19
1345,17989,2,1,19
1346,17990,2,1,19
1347,17991,2,1,19
1348,17992,2,1,19
1349,17993,2,1,19
1350,17994,2,1,19
1351,17995,2,1,19
1352,17996,2,1,19
1353,17997,2,1,19
1354,17998,2,1,19
1355,17999,2,1,19
1356,18000,2,1,19
1357,18001,2,1,19
1358,18002,2,1,19
1359,18003,2,1,19
1360,18004,2,1,19
1361,18005,2,1,19
1362,18006,2,1,19
1363,18007,2,1,19
1364,18008,2,1,19
1365,18009,2,1,19
1366,18010,2,1,19
1367,18011,2,1,19
1368,18012,2,1,19
1369,18013,2,1,19
1370,18014,2,1,19
1371,18015,2,1,19
1372,18016,2,1,19
1373,18017,2,1,19
1374,18018,2,1,19
1375,18019,2,1,19
1376,18020,2,1,19
1377,18021,2,1,19
1378,18022,2,1,19
1379,18023,2,1,19
1380,18024,2,1,19
1381,18025,2,1,19
1382,18026,2,1,19
1383,18027,2,1,19
1384,18028,2,1,19
1385,18029,2,1,19
1386,18030,2,1,19
1387,18031,2,1,19
1388,18032,2,1,19
1389,18033,2,1,19
1390,18034,2,1,19
1391,18035,2,1,19
1392,18036,2,1,19
1393,18037,2,1,19
1394,18038,2,1,19
1395,18039,2,1,19
1396,18040,2,1,19
1397,18041,2,1,19
1398,18042,2,1,19
1399,18043,2,1,19
1400,18044,2,1,19
1401,18045,2,1,19
1402,18046,2,1,19
1403,18047,2,1,19
1404,18048,2,1,19
1405,18049,2,1,19
1406,18050,2,1,19
1407,18051,2,1,19
1408,18052,2,1,19
1409,18053,2,1,19
1410,18054,2,1,19
1411,18055,2,1,19
1412,18056,2,1,19
1413,18057,2,1,19
1414,18058,2,1,19
1415,18059,2,1,19
1416,18060,2,1,19
1417,18061,2,1,19
1418,18062,2,1,19
1419,18063,2,1,19
1420,18064,2,1,19
1421,18065,8,1,19
1422,18066,8,1,19
1423,18067,8,1,19
1424,18068,8,1,19
1425,18069,8,1,19
1426,18070,8,1,19
1427,18071,8,1,19
1428,18072,8,1,19
1429,18073,8,1,2
1430,18074,8,1,2
1431,18075,8,1,2
1432,18076,8,1,2
1433,18077,8,1,2
1434,18078,8,1,2
1435,18079,8,1,2
1436,18080,2,1,2
1437,18081,2,1,2
1438,18082,2,1,2
1439,18083,2,1,2
1440,18084,2,1,2
1441,18085,2,1,2
1442,18086,2,1,2
1443,18087,2,1,2
1444,18088,2,1,2
1445,18089,2,1,2
1446,18090,2,1,2
1447,18091,2,1,2
1448,18092,2,1,2
1449,18093,2,1,8
1450,18094,2,1,8
1451,18095,2,1,8
1452,18096,2,1,8
1453,18097,2,1,8
1454,18098,2,1,8
1455,18099,2,1,8
1456,18100,2,1,8
1457,18101,2,1,8
1458,18102,2,1,8
1459,18103,2,1,8
1460,18104,2,1,8
1461,18105,2,1,8
1462,18106,2,1,8
1463,18107,2,1,8
1464,18108,2,1,2
1465,18109,2,1,2
1466,18110,2,1,2
1467,18111,2,1,2
1468,18112,2,1,2
1469,18113,2,1,2
1470,18114,2,1,2
1471,18115,2,1,2
1472,18116,2,1,2
1473,18117,2,1,2
1474,18118,2,1,2
1475,18119,2,1,2
1476,18120,2,1,2
1477,18121,2,1,2
1478,18122,2,1,2
1479,18123,2,1,2
1480,18124,2,1,2
1481,18125,2,1,2
1482,18126,2,1,2
1483,18127,2,1,2
1484,18128,2,1,2
1485,18129,2,1,2
1486,18130,2,1,2
1487,18131,2,1,2
1488,18132,2,1,2
1489,18133,2,1,2
1490,18134,2,1,2
1491,18135,2,1,2
1492,18136,2,1,2
1493,18137,2,1,2
1494,18138,2,1,2
1495,18139,2,1,2
1496,18140,2,1,2
1497,18141,2,1,2
1498,18142,2,1,2
1499,18143,2,1,2
1500,18144,2,1,2
1501,18145,2,1,2
1502,18146,2,1,2
1503,18147,2,1,2
1504,18148,2,1,2
1505,18149,2,1,2
1506,18150,2,1,2
1507,18151,2,1,2
1508,18152,2,1,2
1509,18153,2,1,2
1510,18154,2,1,2
1511,18155,2,1,2
1512,18156,2,1,2
1513,18157,2,1,2
1514,18158,2,1,2
1515,18159,2,1,2
1516,18160,2,1,2
1517,18161,2,1,2
1518,18162,2,1,2
1519,18163,2,1,2
1520,18164,2,1,2
1521,18165,2,1,2
1522,18166,2,1,2
1523,18167,2,1,2
1524,18168,2,1,2
1525,18169,2,1,2
1526,18170,2,1,2
1527,18171,2,1,2
1528,18172,2,1,2
1529,18173,2,1,2
1530,18174,2,1,2
1531,18175,2,1,2
1532,18176,2,1,2
1533,18177,2,1,2
1534,18178,2,1,2
1535,18179,2,1,2
1536,18180,2,1,2
1537,18181,2,1,2
1538,18182,2,1,2
1539,18183,2,1,19
1540,18184,2,1,19
1541,18185,2,1,19
1542,18186,2,1,19
1543,18187,2,1,19
1544,18188,2,1,19
1545,18189,2,1,19
1546,18190,2,1,19
1547,18191,2,1,19
1548,18192,2,1,19
1549,18193,2,1,19
1550,18194,2,1,19
1551,18195,2,1,19
1552,18196,2,1,19
1553,18197,2,1,19
1554,18198,2,1,19
1555,18199,2,1,19
1556,18200,2,1,19
1557,18201,2,1,19
1558,18202,2,1,19
1559,18203,2,1,2
1560,18204,2,1,2
1561,18205,2,1,2
1562,18206,2,1,2
1563,18207,2,1,2
1564,18208,2,1,2
1565,18209,2,1,2
1566,18210,2,1,2
1567,18211,2,1,2
1568,18212,2,1,2
1569,18213,2,1,2
1570,18214,2,1,2
1571,18215,2,1,2
1572,18216,2,1,2
1573,18217,2,1,2
1574,18218,2,1,2
1575,18219,2,1,2
1576,18220,2,1,2
1577,18221,2,1,2
1578,18222,2,1,19
1579,18223,2,1,19
1580,18224,2,1,19
1581,18225,2,1,19
1582,18226,2,1,19
1583,18227,2,1,19
1584,18228,2,1,19
1585,18229,2,1,19
1586,18230,2,1,19
1587,18231,2,1,19
1588,18232,2,1,19
1589,18233,2,1,19
1590,18234,2,1,19
1591,18235,2,1,19
1592,18236,2,1,19
1593,18237,2,1,19
1594,18238,2,1,19
1595,18239,2,1,19
1596,18240,2,1,19
1597,18241,2,1,19
1598,18242,2,1,19
1599,18243,2,1,19
1600,18244,2,1,19
1601,18245,2,1,19
1602,18246,2,1,19
1603,18247,2,1,19
1604,18248,2,1,19
1605,18249,2,1,19
1606,18250,2,1,19
1607,18251,2,1,19
1608,18252,2,1,19
1609,18253,2,1,19
1610,18254,2,1,19
1611,18255,2,1,19
1612,18256,2,1,19
1613,18257,2,1,19
1614,18258,2,1,19
1615,18259,2,1,19
1616,18260,2,1,2
1617,18261,2,1,2
1618,18262,2,1,2
1619,18263,2,1,2
1620,18264,2,1,2
1621,18265,2,1,19
1622,18266,2,1,19
1623,18267,2,1,19
1624,18268,2,1,19
1625,18269,2,1,19
1626,18270,2,1,19
1627,18271,2,1,19
1628,18272,2,1,19
1629,18273,2,1,19
1630,18274,2,1,19
1631,18275,2,1,19
1632,18276,2,1,19
1633,18277,2,1,13
1634,18278,2,1,13
1635,18279,2,1,13
1636,18280,2,1,13
1637,18281,2,1,13
1638,18282,2,1,13
1639,18283,2,1,13
1640,18284,2,1,13
1641,18285,2,1,13
1642,18286,2,1,13
1643,18287,2,1,13
1644,18288,2,1,13
1645,18289,2,1,13
1646,18290,2,1,13
1647,18291,2,1,13
1648,18292,2,1,13
1649,18293,2,1,13
1650,18294,2,1,13
1651,18295,2,1,13
1652,18296,2,1,13
1653,18297,2,1,13
1654,18298,2,1,13
1655,18299,2,1,13
1656,18300,2,1,13
1657,18301,2,1,13
1658,18302,2,1,13
1659,18303,2,1,13
1660,18304,2,1,13
1661,18305,2,1,13
1662,18306,2,1,7
1663,18307,2,1,7
1664,18308,2,1,7
1665,18309,2,1,7
1666,18310,2,1,7
1667,18311,2,1,2
1668,18312,2,1,2
1669,18313,2,1,2
1670,18314,2,1,2
1671,18315,2,1,2
1672,18316,2,1,2
1673,18317,2,1,2
1674,18318,2,1,2
1675,18319,2,1,2
1676,18320,2,1,19
1677,18321,2,1,19
1678,18322,2,1,19
1679,18323,2,1,19
1680,18324,2,1,19
1681,18325,2,1,19
1682,18326,2,1,2
1683,18327,2,1,2
1684,18328,2,1,2
1685,18329,2,1,2
1686,18330,2,1,2
1687,18331,2,1,2
1688,18332,2,1,2
1689,18333,2,1,2
1690,18334,2,1,19
1691,18335,2,1,19
1692,18336,2,1,19
1693,18337,2,1,19
1694,18338,2,1,19
1695,18339,2,1,19
1696,18340,2,1,19
1697,18341,2,1,19
1698,18342,2,1,19
1699,18343,2,1,19
1700,18344,2,1,19
1701,18345,2,1,19
1702,18346,2,1,2
1703,18347,2,1,2
1704,18348,2,1,2
1705,18349,2,1,2
1706,18350,2,1,2
1707,18351,2,1,2
1708,18352,2,1,2
1709,18353,2,1,2
1710,18354,2,1,2
1711,18355,2,1,2
1712,18356,2,1,1
1713,18357,2,1,1
1714,18358,2,1,1
1715,18359,2,1,1
1716,18360,2,1,1
1717,18361,2,1,1
1718,18362,2,1,1
1719,18363,2,1,1
1720,18364,2,1,1
1721,18365,2,1,1
1722,18366,2,1,2
1723,18367,10,1,2
1724,18368,10,1,2
1725,18369,10,1,2
1726,18370,10,1,2
1727,18371,10,1,2
1728,18372,10,1,19
1729,18373,10,1,19
1730,18374,10,1,19
1731,18375,10,1,19
1732,18376,10,1,19
1733,18377,10,1,19
1734,18378,10,1,19
1735,18379,10,1,19
1736,18380,10,1,19
1737,18381,10,1,19
1738,18382,10,1,19
1739,18383,10,1,19
1740,18384,10,1,19
1741,18385,10,1,19
1742,18386,10,1,19
1743,18387,10,1,19
1744,18388,10,1,19
1745,18389,10,1,19
1746,18390,10,1,19
1747,18391,10,1,19
1748,18392,10,1,19
1749,18393,10,1,19
1750,18394,10,1,19
1751,18395,10,1,19
1752,18396,10,1,19
1753,18397,10,1,19
1754,18398,10,1,19
1755,18399,10,1,19
1756,18400,10,1,19
1757,18401,10,1,19
1758,18402,10,1,19
1759,18403,10,1,19
1760,18404,10,1,19
1761,18405,10,1,19
1762,18406,10,1,2
1763,18407,10,1,2
1764,18408,10,1,2
1765,18409,10,1,1
1766,18410,10,1,1
1767,18411,10,1,1
1768,18412,10,1,1
1769,18413,10,1,1
1770,18414,10,1,19
1771,18415,10,1,19
1772,18416,10,1,19
1773,18417,10,1,19
1774,18418,10,1,19
1775,18419,10,1,19
1776,18420,10,1,19
1777,18421,10,1,19
1778,18422,10,1,19
1779,18423,10,1,19
1780,18424,10,1,19
1781,18425,10,1,19
1782,18426,10,1,19
1783,18427,10,1,19
1784,18428,10,1,19
1785,18429,10,1,19
1786,18430,10,1,19
1787,18431,10,1,19
1788,18432,10,1,19
1789,18433,10,1,19
1790,18434,10,1,19
1791,18435,10,1,19
1792,18436,10,1,19
1793,18437,10,1,19
1794,18438,10,1,19
1795,18439,10,1,19
1796,18440,10,1,19
1797,18441,10,1,19
1798,18442,10,1,19
1799,18443,10,1,19
1800,18444,10,1,19
1801,18445,10,1,19
1802,18446,10,1,19
1803,18447,10,1,19
1804,18448,10,1,19
1805,18449,10,1,19
1806,18450,10,1,19
1807,18451,10,1,19
1808,18452,10,1,19
1809,18453,10,1,19
1810,18454,10,1,19
1811,18455,10,1,19
1812,18456,10,1,19
1813,18457,10,1,19
1814,18458,10,1,19
1815,18459,10,1,19
1816,18460,10,1,19
1817,18461,10,1,19
1818,18462,10,1,19
1819,18463,10,1,19
1820,18464,10,1,19
1821,18465,10,1,19
1822,18466,10,1,19
1823,18467,10,1,19
1824,18468,10,1,19
1825,18469,10,1,19
1826,18470,10,1,19
1827,18471,10,1,19
1828,18472,10,1,19
1829,18473,10,1,19
1830,18474,10,1,19
1831,18475,10,1,19
1832,18476,10,1,19
1833,18477,10,1,19
1834,18478,10,1,19
1835,18479,10,1,19
1836,18480,10,1,19
1837,18481,10,1,19
1838,18482,10,1,19
1839,18483,10,1,19
1840,18484,10,1,19
1841,18485,10,1,19
1842,18486,10,1,19
1843,18487,10,1,19
1844,18488,10,1,19
1845,18489,10,1,19
1846,18490,10,1,19
1847,18491,10,1,19
1848,18492,10,1,19
1849,18493,10,1,19
1850,18494,10,1,19
1851,18495,10,1,19
1852,18496,10,1,19
1853,18497,10,1,19
1854,18498,10,1,19
1855,18499,10,1,19
1856,18500,10,1,19
1857,18501,10,1,19
1858,18502,10,1,19
1859,18503,10,1,19
1860,18504,10,1,19
1861,18505,10,1,19
1862,18506,10,1,19
1863,18507,10,1,19
1864,18508,10,1,19
1865,18509,10,1,19
1866,18510,10,1,19
1867,18511,10,1,19
1868,18512,10,1,19
1869,18513,10,1,19
1870,18514,10,1,19
1871,18515,10,1,19
1872,18516,10,1,19
1873,18517,10,1,19
1874,18518,10,1,19
1875,18519,10,1,19
1876,18520,10,1,19
1877,18521,10,1,19
1878,18522,10,1,19
1879,18523,10,1,19
1880,18524,10,1,19
1881,18525,10,1,19
1882,18526,10,1,19
1883,18527,10,1,19
1884,18528,10,1,19
1885,18529,10,1,19
1886,18530,10,1,19
1887,18531,10,1,19
1888,18532,10,1,19
1889,18533,10,1,19
1890,18534,10,1,19
1891,18535,10,1,19
1892,18536,10,1,19
1893,18537,10,1,19
1894,18538,10,1,19
1895,18539,10,1,19
1896,18540,10,1,19
1897,18541,10,1,19
1898,18542,10,1,19
1899,18543,10,1,19
1900,18544,10,1,19
1901,18545,10,1,19
1902,18546,10,1,19
1903,18547,10,1,19
1904,18548,10,1,19
1905,18549,10,1,19
1906,18550,10,1,19
1907,18551,10,1,19
1908,18552,10,1,19
1909,18553,10,1,19
1910,18554,10,1,19
1911,18555,10,1,19
1912,18556,10,1,19
1913,18557,10,1,19
1914,18558,10,1,19
1915,18559,10,1,19
1916,18560,10,1,19
1917,18561,10,1,19
1918,18562,10,1,19
1919,18563,10,2,19
1920,18564,10,2,19
1921,18565,10,2,19
1922,18566,10,2,19
1923,18567,10,2,19
1924,18568,10,2,19
1925,18569,10,2,19
1926,18570,10,2,19
1927,18571,10,2,19
1928,18572,10,2,19
1929,18573,10,2,19
1930,18574,10,2,19
1931,18575,10,2,19
1932,18576,10,2,19
1933,18577,10,7,19
1934,18578,10,7,19
1935,18579,10,7,19
1936,18580,10,7,19
1937,18581,10,7,19
1938,18582,10,7,19
1939,18583,10,7,19
1940,18584,10,7,19
1941,18585,10,7,19
1942,18586,10,7,19
1943,18587,10,7,19
1944,18588,10,7,19
1945,18589,10,1,19
1946,18590,10,1,19
1947,18591,10,1,19
1948,18592,10,1,19
1949,18593,10,1,19
1950,18594,10,1,19
1951,18595,10,1,19
1952,18596,10,1,19
1953,18597,10,7,19
1954,18598,10,7,19
1955,18599,10,7,19
1956,18600,10,7,19
1957,18601,10,7,19
1958,18602,10,7,19
1959,18603,10,7,19
1960,18604,10,7,19
1961,18605,10,7,19
1962,18606,10,7,19
1963,18607,10,1,19
1964,18608,10,1,19
1965,18609,10,1,19
1966,18610,10,1,19
1967,18611,10,1,19
1968,18612,10,1,19
1969,18613,10,1,19
1970,18614,10,7,19
1971,18615,10,7,19
1972,18616,10,7,19
1973,18617,10,7,19
1974,18618,10,7,19
1975,18619,10,7,19
1976,18620,10,7,19
1977,18621,10,7,19
1978,18622,10,7,19
1979,18623,10,7,19
1980,18624,10,7,19
1981,18625,10,7,19
1982,18626,10,7,19
1983,18627,10,7,19
1984,18628,10,7,19
1985,18629,10,7,19
1986,18630,10,7,19
1987,18631,10,7,19
1988,18632,10,14,19
1989,18633,10,14,19
1990,18634,10,14,19
1991,18635,10,14,19
1992,18636,10,14,19
1993,18637,10,14,19
1994,18638,10,14,19
1995,18639,10,1,19
1996,18640,10,1,19
1997,18641,10,1,19
1998,18642,10,1,19
1999,18643,10,1,19
2000,18644,10,1,19
2001,18645,10,1,19
2002,18646,10,1,19
2003,18647,10,1,19
2004,18648,10,1,19
2005,18649,10,1,19
2006,18650,10,1,19
2007,18651,10,1,19
2008,18652,10,1,19
2009,18653,10,1,19
2010,18654,10,1,19
2011,18655,10,1,19
2012,18656,10,1,19
2013,18657,10,1,19
2014,18658,10,1,19
2015,18659,10,1,19
2016,18660,10,1,19
2017,18661,10,1,19
2018,18662,10,1,19
2019,18663,10,1,19
2020,18664,10,1,19
2021,18665,10,1,19
2022,18666,10,1,19
2023,18667,10,1,2
2024,18668,10,1,2
2025,18669,10,1,2
2026,18670,10,1,2
2027,18671,10,1,2
2028,18672,10,1,2
2029,18673,10,1,2
2030,18674,10,1,1
2031,18675,10,1,1
2032,18676,10,1,1
2033,18677,10,1,1
2034,18678,10,1,1
2035,18679,10,1,1
2036,18680,10,1,1
2037,18681,10,1,13
2038,18682,10,1,13
2039,18683,10,1,13
2040,18684,10,1,13
2041,18685,10,1,13
2042,18686,10,1,13
2043,18687,10,1,13
2044,18688,10,1,13
2045,18689,10,1,13
2046,18690,10,1,13
2047,18691,10,1,13
2048,18692,10,1,13
2049,18693,10,1,13
2050,18694,10,1,1
2051,18695,10,1,1
2052,18696,10,1,1
2053,18697,10,1,1
2054,18698,10,1,1
2055,18699,10,18,1
2056,18700,10,18,1
2057,18701,10,18,1
2058,18702,10,18,1
2059,18703,10,18,1
2060,18704,10,18,1
2061,18705,10,18,1
2062,18706,10,18,1
2063,18707,10,18,2
2064,18708,10,18,2
2065,18709,10,18,2
2066,18710,10,18,2
2067,18711,10,18,2
2068,18712,10,18,2
2069,18713,10,18,2
2070,18714,10,18,2
2071,18715,10,18,19
2072,18716,10,18,19
2073,18717,10,18,19
2074,18718,10,18,19
2075,18719,10,18,19
2076,18720,10,18,19
2077,18721,10,1,19
2078,18722,10,1,19
2079,18723,10,1,19
2080,18724,10,1,1
2081,18725,10,1,1
2082,18726,10,1,1
2083,18727,10,1,1
2084,18728,10,1,1
2085,18729,10,1,19
2086,18730,10,1,19
2087,18731,10,1,19
2088,18732,10,1,19
2089,18733,10,1,19
2090,18734,10,1,19
2091,18735,10,1,19
2092,18736,10,1,19
2093,18737,10,1,19
2094,18738,10,1,19
2095,18739,10,1,19
2096,18740,10,1,19
2097,18741,10,1,19
2098,18742,10,1,19
2099,18743,10,1,19
2100,18744,2,1,1
2101,18745,2,1,1
2102,18746,2,1,1
2103,18747,2,1,1
2104,18748,2,1,1
2105,18749,2,1,1
2106,18750,2,1,1
2107,18751,2,1,1
2108,18752,2,1,19
2109,18753,2,1,19
2110,18754,2,1,19
2111,18755,2,1,19
2112,18756,2,1,19
2113,18757,2,1,19
2114,18758,2,1,19
2115,18759,2,1,19
2116,18760,2,1,19
2117,18761,2,1,19
2118,18762,2,1,2
2119,18763,2,1,2
2120,18764,8,1,2
2121,18765,8,1,2
2122,18766,8,1,2
2123,18767,8,1,2
2124,18768,8,1,2
2125,18769,8,1,2
2126,18770,8,1,2
2127,18771,2,1,2
2128,18772,2,1,8
2129,18773,2,1,8
2130,18774,2,1,2
2131,18775,2,1,2
2132,18776,2,1,2
2133,18777,2,1,2
2134,18778,2,1,2
2135,18779,2,1,2
2136,18780,2,1,2
2137,18781,2,1,2
2138,18782,2,1,2
2139,18783,2,1,2
2140,18784,2,1,2
2141,18785,2,1,2
2142,18786,2,1,2
2143,18787,2,1,2
2144,18788,2,1,2
2145,18789,2,1,2
2146,18790,2,1,2
2147,18791,2,2,2
2148,18792,2,2,2
2149,18793,2,2,2
2150,18794,2,2,2
2151,18795,2,2,2
2152,18796,2,2,2
2153,18797,2,2,2
2154,18798,2,2,2
2155,18799,2,2,2
2156,18800,2,2,2
2157,18801,2,2,2
2158,18802,2,2,2
2159,18803,2,2,2
2160,18804,2,2,2
2161,18805,2,2,2
2162,18806,2,7,2
2163,18807,2,7,2
2164,18808,2,7,2
2165,18809,2,7,2
2166,18810,2,7,2
2167,18811,2,7,2
2168,18812,2,7,2
2169,18813,2,7,2
2170,18814,8,7,2
2171,18815,8,7,2
2172,18816,8,7,2
2173,18817,8,7,2
2174,18818,8,7,2
2175,18819,8,7,2
2176,18820,8,7,2
2177,18821,8,3,2
2178,18822,8,3,3
2179,18823,8,3,3
2180,18824,2,3,3
2181,18825,2,3,3
2182,18826,2,3,3
2183,18827,2,3,3
2184,18828,2,3,3
2185,18829,2,3,3
2186,18830,2,3,3
2187,18831,2,3,3
2188,18832,2,3,3
2189,18833,2,3,3
2190,18834,7,3,3
2191,18835,7,3,3
2192,18836,7,1,3
2193,18837,7,1,7
2194,18838,7,1,7
2195,18839,7,1,7
2196,18840,7,1,7
2197,18841,7,1,7
2198,18842,7,1,7
2199,18843,7,7,7
2200,18844,1,7,7
2201,18845,1,7,7
2202,18846,1,7,7
2203,18847,1,7,7
2204,18848,1,1,7
2205,18849,1,1,1
2206,18850,1,1,1
2207,18851,1,1,1
2208,18852,1,1,1
2209,18853,7,1,1
2210,18854,7,1,2
2211,18855,7,1,2
2212,18856,7,1,2
2213,18857,7,1,2
2214,18858,2,1,2
2215,18859,2,1,2
2216,18860,2,1,2
2217,18861,2,1,2
2218,18862,2,1,2
2219,18863,2,1,2
2220,18864,2,1,2
2221,18865,1,1,2
2222,18866,1,1,2
2223,18867,1,1,2
2224,18868,1,7,2
2225,18869,1,7,2
2226,18870,1,7,2
2227,18871,1,1,2
2228,18872,1,1,2
2229,18873,1,1,2
2230,18874,1,1,2
2231,18875,1,1,2
2232,18876,1,1,2
2233,18877,1,1,2
2234,18878,1,1,2
2235,18879,1,1,1
2236,18880,1,1,1
2237,18881,1,1,1
2238,18882,1,1,1
2239,18883,1,1,1
2240,18884,1,1,1
2241,18885,2,1,1
2242,18886,2,1,1
2243,18887,2,1,1
2244,18888,2,1,1
2245,18889,2,1,2
2246,18890,2,1,2
2247,18891,2,1,2
2248,18892,1,1,2
2249,18893,1,1,2
2250,18894,1,1,2
2251,18895,2,1,2
2252,18896,2,1,2
2253,18897,2,1,2
2254,18898,2,1,2
2255,18899,2,1,2
2256,18900,2,1,2
2257,18901,2,1,2
2258,18902,2,1,2
2259,18903,8,1,2
2260,18904,8,1,2
2261,18905,8,1,2
2262,18906,8,1,2
2263,18907,8,1,2
2264,18908,8,1,2
2265,18909,8,1,2
2266,18910,8,1,2
2267,18911,8,1,2
2268,18912,8,1,1
2269,18913,8,1,1
2270,18914,8,1,1
2271,18915,8,1,1
2272,18916,8,1,1
2273,18917,8,1,1
2274,18918,8,1,1
2275,18919,8,1,1
2276,18920,8,1,1
2277,18921,8,1,1
2278,18922,8,1,1
2279,18923,8,1,1
2280,18924,8,1,1
2281,18925,8,1,1
2282,18926,8,1,1
2283,18927,8,1,2
2284,18928,8,1,2
2285,18929,8,1,2
2286,18930,8,1,2
2287,18931,8,1,2
2288,18932,8,1,2
2289,18933,8,1,2
2290,18934,8,1,2
2291,18935,8,1,2
2292,18936,1,1,2
2293,18937,1,1,2
2294,18938,1,1,2
2295,18939,1,1,1
2296,18940,1,7,1
2297,18941,1,7,1
2298,18942,1,7,1
2299,18943,1,7,1
2300,18944,1,7,1
2301,18945,1,7,1
2302,18946,1,1,1
2303,18947,1,1,1
2304,18948,1,1,1
2305,18949,1,1,1
2306,18950,1,1,1
2307,18951,1,1,1
2308,18952,1,1,1
2309,18953,1,1,1
2310,18954,1,1,1
2311,18955,1,1,1
2312,18956,1,1,1
2313,18957,1,1,1
2314,18958,1,1,1
2315,18959,1,1,1
2316,18960,1,1,1
2317,18961,1,1,1
2318,18962,1,1,1
2319,18963,1,1,1
2320,18964,1,1,1
2321,18965,1,1,1
2322,18966,1,1,1
2323,18967,1,1,1
2324,18968,1,1,1
2325,18969,1,1,1
2326,18970,1,1,1
2327,18971,1,1,1
2328,18972,1,1,3
2329,18973,1,1,3
2330,18974,1,1,2
2331,18975,1,1,2
2332,18976,1,1,2
2333,18977,1,1,2
2334,18978,1,1,2
2335,18979,1,1,2
2336,18980,1,1,2
2337,18981,1,1,2
2338,18982,1,1,1
2339,18983,1,1,1
2340,18984,1,1,1
2341,18985,1,1,1
2342,18986,1,1,1
2343,18987,1,1,1
2344,18988,1,1,1
2345,18989,1,1,1
2346,18990,1,1,1
2347,18991,1,1,1
2348,18992,1,1,1
2349,18993,1,1,1
2350,18994,1,1,1
2351,18995,1,1,1
2352,18996,1,1,1
2353,18997,1,1,1
2354,18998,1,1,1
2355,18999,1,1,1
2356,19000,1,1,1
2357,19001,1,1,1
2358,19002,1,1,1
2359,19003,1,1,1
2360,19004,1,1,1
2361,19005,1,1,1
2362,19006,1,1,1
2363,19007,1,1,1
2364,19008,1,1,1
2365,19009,1,1,13
2366,19010,1,1,13
2367,19011,1,1,13
2368,19012,1,1,13
2369,19013,1,1,13
2370,19014,1,1,13
2371,19015,1,1,13
2372,19016,1,1,13
2373,19017,1,1,13
2374,19018,1,1,13
2375,19019,1,1,13
2376,19020,1,1,13
2377,19021,1,1,13
2378,19022,1,1,19
2379,19023,1,1,19
2380,19024,1,1,19
2381,19025,1,1,19
2382,19026,1,1,19
2383,19027,1,1,19
2384,19028,1,1,19
2385,19029,9,1,19
2386,19030,9,1,19
2387,19031,9,1,19
2388,19032,9,1,19
2389,19033,9,1,19
2390,19034,9,1,19
2391,19035,9,1,19
2392,19036,9,1,19
2393,19037,9,1,19
2394,19038,9,1,19
2395,19039,9,1,19
2396,19040,9,1,19
2397,19041,9,1,19
2398,19042,9,1,19
2399,19043,9,1,19
2400,19044,9,1,19
2401,19045,9,1,19
2402,19046,9,1,19
2403,19047,9,1,19
2404,19048,9,1,19
2405,19049,9,1,19
2406,19050,9,1,19
2407,19051,9,1,19
2408,19052,9,1,19
2409,19053,9,1,19
2410,19054,9,1,19
2411,19055,9,1,19
2412,19056,9,1,19
2413,19057,9,1,19
2414,19058,9,1,19
2415,19059,9,1,19
2416,19060,9,1,19
2417,19061,9,1,19
2418,19062,9,1,19
2419,19063,9,1,19
2420,19064,9,1,9
2421,19065,9,1,9
2422,19066,9,1,9
2423,19067,9,1,9
2424,19068,9,1,9
2425,19069,9,1,9
2426,19070,9,1,9
2427,19071,9,1,9
2428,19072,9,1,9
2429,19073,9,2,9
2430,19074,9,2,9
2431,19075,9,2,9
2432,19076,9,2,9
2433,19077,9,2,9
2434,19078,9,2,9
2435,19079,2,2,9
2436,19080,2,2,9
2437,19081,2,2,9
2438,19082,2,2,1
2439,19083,2,2,1
2440,19084,2,2,3
2441,19085,2,1,3
2442,19086,2,1,3
2443,19087,2,1,3
2444,19088,2,1,3
2445,19089,2,1,3
2446,19090,2,2,3
2447,19091,2,2,3
2448,19092,2,2,3
2449,19093,2,2,3
2450,19094,2,2,3
2451,19095,2,2,3
2452,19096,2,2,3
2453,19097,2,2,3
2454,19098,2,2,3
2455,19099,2,2,3
2456,19100,2,2,3
2457,19101,2,2,3
2458,19102,2,7,3
2459,19103,2,7,3
2460,19104,7,7,7
2461,19105,7,7,7
2462,19106,7,7,7
2463,19107,7,7,7
2464,19108,7,7,7
2465,19109,7,7,7
2466,19110,7,7,7
2467,19111,2,7,7
2468,19112,2,7,7
2469,19113,2,7,7
2470,19114,2,7,7
2471,19115,2,7,7
2472,19116,2,7,2
2473,19117,2,7,2
2474,19118,2,7,2
2475,19119,2,7,2
2476,19120,2,91,2
2477,19121,2,91,2
2478,19122,2,91,2
2479,19123,2,91,2
2480,19124,2,91,2
2481,19125,2,91,2
2482,19126,2,91,2
2483,19127,2,91,2
2484,19128,2,91,2
2485,19129,2,91,2
2486,19130,7,91,2
2487,19131,2,91,2
2488,19132,2,91,2
2489,19133,2,91,2
2490,19134,2,91,2
2491,19135,2,91,2
2492,19136,2,91,2
2493,19137,2,91,2
2494,19138,2,91,2
2495,19139,2,91,2
2496,19140,2,91,2
2497,19141,2,91,2
2498,19142,2,1,2
2499,19143,7,1,2
2500,19144,7,1,2
2501,19145,7,1,2
2502,19146,7,1,2
2503,19147,7,1,2
2504,19148,7,1,2
2505,19149,7,1,2
2506,19150,7,1,2
2507,19151,7,1,2
2508,19152,7,1,2
2509,19153,7,1,2
2510,19154,7,1,2
2511,19155,7,1,2
2512,19156,7,1,2
2513,19157,7,1,2
2514,19158,7,1,2
2515,19159,7,1,2
2516,19160,7,1,2
2517,19161,7,1,2
2518,19162,7,1,2
2519,19163,7,1,2
2520,19164,7,1,2
2521,19165,7,1,2
2522,19166,7,1,2
2523,19167,7,1,2
2524,19168,2,1,2
2525,19169,2,1,2
2526,19170,2,1,2
2527,19171,2,1,2
2528,19172,2,1,2
2529,19173,2,1,2
2530,19174,2,1,2
2531,19175,2,1,2
2532,19176,2,1,2
2533,19177,2,1,2
2534,19178,2,1,2
2535,19179,2,1,2
2536,19180,2,1,2
2537,19181,2,1,2
2538,19182,2,1,2
2539,19183,2,1,2
2540,19184,2,1,2
2541,19185,2,1,2
2542,19186,2,1,2
2543,19187,2,1,2
2544,19188,2,1,2
2545,19189,2,1,2
2546,19190,2,1,2
2547,19191,2,1,2
2548,19192,2,1,2
2549,19193,2,1,2
2550,19194,2,1,2
2551,19195,2,1,2
2552,19196,2,1,2
2553,19197,2,1,2
2554,19198,1,1,2
2555,19199,1,1,2
2556,19200,1,1,2
2557,19201,1,1,2
2558,19202,1,1,2
2559,19203,1,1,2
2560,19204,1,1,1
2561,19205,1,1,1
2562,19206,1,1,1
2563,19207,1,1,1
2564,19208,1,1,1
2565,19209,1,1,1
2566,19210,1,1,1
2567,19211,1,1,1
2568,19212,1,3,1
2569,19213,1,3,1
2570,19214,1,3,1
2571,19215,1,3,1
2572,19216,1,3,1
2573,19217,1,3,1
2574,19218,1,3,1
2575,19219,1,3,3
2576,19220,8,3,3
2577,19221,8,3,3
2578,19222,8,3,3
2579,19223,1,3,3
2580,19224,1,8,2
2581,19225,1,8,2
2582,19226,1,8,2
2583,19227,1,8,2
2584,19228,1,8,2
2585,19229,1,1,2
2586,19230,1,1,2
2587,19231,1,1,2
2588,19232,1,1,2
2589,19233,1,1,2
2590,19234,1,1,2
2591,19235,1,1,2
2592,19236,1,1,1
2593,19237,1,1,1
2594,19238,7,1,1
2595,19239,7,1,1
2596,19240,7,1,1
2597,19241,7,1,1
2598,19242,7,1,1
2599,19243,7,1,1
2600,19244,7,1,1
2601,19245,7,1,1
2602,19246,7,1,1
2603,19247,7,1,1
2604,19248,1,1,1
2605,19249,1,1,1
2606,19250,1,1,1
2607,19251,1,1,1
2608,19252,1,1,1
2609,19253,1,1,1
2610,19254,1,1,2
2611,19255,1,1,2
2612,19256,1,1,2
2613,19257,1,1,2
2614,19258,1,1,2
2615,19259,1,1,2
2616,19260,1,1,2
2617,19261,1,1,1
2618,19262,1,1,1
2619,19263,1,1,1
2620,19264,1,1,1
2621,19265,1,1,1
2622,19266,1,1,1
2623,19267,1,1,1
2624,19268,1,1,1
2625,19269,1,1,1
2626,19270,1,1,1
2627,19271,1,1,1
2628,19272,1,1,1
2629,19273,1,1,1
2630,19274,1,1,1
2631,19275,1,1,1
2632,19276,1,1,1
2633,19277,1,1,1
2634,19278,1,1,1
2635,19279,1,1,1
2636,19280,1,1,1
2637,19281,1,1,1
2638,19282,1,1,1
2639,19283,1,1,1
2640,19284,1,1,1
2641,19285,1,1,1
2642,19286,1,1,1
2643,19287,1,1,1
2644,19288,1,1,1
2645,19289,1,1,1
2646,19290,1,1,1
2647,19291,1,1,1
2648,19292,1,1,1
2649,19293,1,1,1
2650,19294,1,1,1
2651,19295,1,1,1
2652,19296,1,1,3
2653,19297,1,1,3
2654,19298,1,1,3
2655,19299,1,1,3
2656,19300,1,1,3
2657,19301,1,1,3
2658,19302,1,1,3
2659,19303,1,1,3
2660,19304,1,1,3
2661,19305,1,1,3
2662,19306,1,1,3
2663,19307,1,1,3
2664,19308,1,1,3
2665,19309,1,1,1
2666,19310,1,1,1
2667,19311,1,1,1
2668,19312,1,1,1
2669,19313,1,1,1
2670,19314,1,1,1
2671,19315,1,1,1
2672,19316,1,1,1
2673,19317,1,1,1
2674,19318,1,1,1
2675,19319,1,1,1
2676,19320,1,1,1
2677,19321,1,1,1
2678,19322,1,1,1
2679,19323,1,1,1
2680,19324,1,1,1
2681,19325,1,1,1
2682,19326,1,1,1
2683,19327,1,1,1
2684,19328,1,1,1
2685,19329,1,1,1
2686,19330,1,1,1
2687,19331,1,1,1
2688,19332,1,1,1
2689,19333,1,1,1
2690,19334,1,1,1
2691,19335,1,1,1
2692,19336,1,1,1
2693,19337,1,1,1
2694,19338,1,1,1
2695,19339,1,1,1
2696,19340,1,1,1
2697,19341,1,1,1
2698,19342,1,1,1
2699,19343,1,1,1
2700,19344,1,1,1
2701,19345,1,1,1
2702,19346,1,1,1
2703,19347,1,1,1
2704,19348,1,1,1
2705,19349,1,1,1
2706,19350,1,1,1
2707,19351,1,1,1
2708,19352,1,1,1
2709,19353,1,1,1
2710,19354,1,1,1
2711,19355,1,1,1
2712,19356,1,1,1
2713,19357,1,1,1
2714,19358,1,1,1
2715,19359,1,1,1
2716,19360,1,1,1
2717,19361,1,1,1
2718,19362,1,1,1
2719,19363,1,1,1
2720,19364,1,1,1
2721,19365,1,1,1
2722,19366,1,1,1
2723,19367,1,1,1
2724,19368,1,1,1
2725,19369,1,1,1
2726,19370,1,1,1
2727,19371,1,1,1
2728,19372,1,1,1
2729,19373,1,1,1
2730,19374,1,1,1
2731,19375,1,1,1
2732,19376,1,1,1
2733,19377,1,1,1
2734,19378,1,1,1
2735,19379,1,1,1
2736,19380,1,1,1
2737,19381,1,1,1
2738,19382,1,1,1
2739,19383,1,1,1
2740,19384,1,1,1
2741,19385,1,1,19
2742,19386,1,1,19
2743,19387,1,1,19
2744,19388,1,1,19
2745,19389,1,1,19
2746,19390,1,1,19
2747,19391,1,1,19
2748,19392,1,1,19
2749,19393,1,1,19
2750,19394,1,1,19
2751,19395,1,1,19
2752,19396,8,1,19
2753,19397,8,1,19
2754,19398,8,1,19
2755,19399,8,1,19
2756,19400,8,1,19
2757,19401,8,1,19
2758,19402,8,1,19
2759,19403,8,1,19
2760,19404,8,1,19
2761,19405,8,1,19
2762,19406,8,1,1
2763,19407,8,1,1
2764,19408,8,1,1
2765,19409,8,1,19
2766,19410,8,1,19
2767,19411,8,1,19
2768,19412,8,1,19
2769,19413,8,1,19
2770,19414,8,1,19
2771,19415,8,1,19
2772,19416,8,1,19
2773,19417,8,1,19
2774,19418,8,1,19
2775,19419,8,1,19
2776,19420,8,1,19
2777,19421,8,1,19
2778,19422,8,1,19
2779,19423,8,1,19
2780,19424,8,1,19
2781,19425,8,1,19
2782,19426,8,1,19
2783,19427,8,1,19
2784,19428,8,1,19
2785,19429,8,1,19
2786,19430,8,1,19
2787,19431,1,1,19
2788,19432,1,1,19
2789,19433,1,1,19
2790,19434,1,1,19
2791,19435,1,1,19
2792,19436,1,1,1
2793,19437,1,1,1
2794,19438,1,1,1
2795,19439,1,1,1
2796,19440,1,1,1
2797,19441,1,1,1
2798,19442,1,1,1
2799,19443,8,1,1
2800,19444,8,1,3
2801,19445,8,1,3
2802,19446,8,1,3
2803,19447,8,1,3
2804,19448,8,1,3
2805,19449,8,1,1
2806,19450,8,1,1
2807,19451,8,1,1
2808,19452,8,1,1
2809,19453,8,1,1
2810,19454,8,1,1
2811,19455,8,1,1
2812,19456,8,1,1
2813,19457,8,8,1
2814,19458,8,8,1
2815,19459,1,8,8
2816,19460,1,8,8
2817,19461,8,8,8
2818,19462,8,8,8
2819,19463,8,8,8
2820,19464,8,8,1
2821,19465,8,8,1
2822,19466,8,8,1
2823,19467,8,8,1
2824,19468,8,8,1
2825,19469,8,8,1
2826,19470,8,8,1
2827,19471,1,8,1
2828,19472,1,8,1
2829,19473,1,8,1
2830,19474,1,8,1
2831,19475,1,8,1
2832,19476,1,8,1
2833,19477,1,8,1
2834,19478,1,8,1
2835,19479,1,8,1
2836,19480,1,8,1
2837,19481,1,8,1
2838,19482,1,8,1
2839,19483,1,8,1
2840,19484,1,8,1
2841,19485,1,8,1
2842,19486,8,8,1
2843,19487,8,8,1
2844,19488,8,8,1
2845,19489,8,8,1
2846,19490,8,8,1
2847,19491,8,8,1
2848,19492,8,8,1
2849,19493,8,8,1
2850,19494,8,8,1
2851,19495,8,8,1
2852,19496,8,8,1
2853,19497,8,8,1
2854,19498,8,8,1
2855,19499,8,8,19
2856,19500,8,8,19
2857,19501,8,8,19
2858,19502,8,8,19
2859,19503,8,8,19
2860,19504,8,8,19
2861,19505,8,8,19
2862,19506,8,8,19
2863,19507,8,8,19
2864,19508,8,8,19
2865,19509,8,8,19
2866,19510,8,8,19
2867,19511,8,8,19
2868,19512,8,8,19
2869,19513,8,8,19
2870,19514,8,8,19
2871,19515,8,8,19
2872,19516,8,8,19
2873,19517,8,8,19
2874,19518,8,8,19
2875,19519,8,8,19
2876,19520,8,8,19
2877,19521,8,8,19
2878,19522,8,8,19
2879,19523,8,8,19
2880,19524,8,8,19
2881,19525,8,8,19
2882,19526,8,8,19
2883,19527,8,8,19
2884,19528,8,8,19
2885,19529,8,8,19
2886,19530,8,8,19
2887,19531,8,8,19
2888,19532,8,8,19
2889,19533,8,8,19
2890,19534,8,8,8
2891,19535,8,8,8
2892,19536,8,8,8
2893,19537,8,8,8
2894,19538,8,8,8
2895,19539,8,8,3
2896,19540,8,8,3
2897,19541,8,8,3
2898,19542,8,8,3
2899,19543,8,8,3
2900,19544,2,8,2
2901,19545,2,8,2
2902,19546,2,8,2
2903,19547,2,8,2
2904,19548,2,2,2
2905,19549,2,2,2
2906,19550,2,2,2
2907,19551,2,2,2
2908,19552,2,2,2
2909,19553,2,2,2
2910,19554,2,2,2
2911,19555,2,2,2
2912,19556,2,2,2
2913,19557,2,2,2
2914,19558,2,2,2
2915,19559,2,2,2
2916,19560,2,2,2
2917,19561,2,2,2
2918,19562,2,2,2
2919,19563,2,2,2
2920,19564,2,2,2
2921,19565,2,2,2
2922,19566,2,2,2
2923,19567,2,2,2
2924,19568,2,2,2
2925,19569,2,2,2
2926,19570,2,2,2
2927,19571,2,2,2
2928,19572,2,2,2
2929,19573,2,2,2
2930,19574,2,2,2
2931,19575,2,2,2
2932,19576,2,2,2
2933,19577,2,2,2
2934,19578,2,2,2
2935,19579,2,2,2
2936,19580,2,2,2
2937,19581,2,2,2
2938,19582,2,2,2
2939,19583,2,2,2
2940,19584,2,2,2
2941,19585,2,1,2
2942,19586,2,1,2
2943,19587,2,1,2
2944,19588,2,1,2
2945,19589,2,1,2
2946,19590,2,1,2
2947,19591,2,1,2
2948,19592,2,1,2
2949,19593,2,1,2
2950,19594,2,1,2
2951,19595,2,1,2
2952,19596,2,1,2
2953,19597,2,1,2
2954,19598,2,1,2
2955,19599,2,1,2
2956,19600,2,1,2
2957,19601,2,1,2
2958,19602,2,1,2
2959,19603,2,1,2
2960,19604,2,1,2
2961,19605,2,1,2
2962,19606,2,1,2
2963,19607,2,1,2
2964,19608,2,1,2
2965,19609,2,1,2
2966,19610,2,1,2
2967,19611,2,1,2
2968,19612,2,1,2
2969,19613,2,1,2
2970,19614,2,1,2
2971,19615,2,1,2
2972,19616,2,1,2
2973,19617,2,1,2
2974,19618,2,1,2
2975,19619,2,1,2
2976,19620,2,1,2
2977,19621,2,1,2
2978,19622,2,1,2
2979,19623,2,1,2
2980,19624,2,1,2
2981,19625,2,2,2
2982,19626,2,2,2
2983,19627,2,2,2
2984,19628,2,2,2
2985,19629,2,2,2
2986,19630,2,2,2
2987,19631,2,2,2
2988,19632,2,2,2
2989,19633,1,2,2
2990,19634,1,2,2
2991,19635,1,2,2
2992,19636,1,2,2
2993,19637,1,2,2
2994,19638,1,2,2
2995,19639,1,2,2
2996,19640,1,2,2
2997,19641,1,2,2
2998,19642,1,2,2
2999,19643,1,2,2
3000,19644,1,2,2
3001,19645,1,1,8
3002,19646,1,1,8
3003,19647,1,1,8
3004,19648,1,1,8
3005,19649,1,1,8
3006,19650,1,1,8
3007,19651,1,1,8
3008,19652,1,1,8
3009,19653,1,1,1
3010,19654,1,1,1
3011,19655,1,1,1
3012,19656,1,1,1
3013,19657,1,1,1
3014,19658,1,1,1
3015,19659,1,1,1
3016,19660,1,1,1
3017,19661,1,1,1
3018,19662,1,1,1
3019,19663,1,1,1
3020,19664,1,1,1
3021,19665,1,1,1
3022,19666,1,1,1
3023,19667,1,1,1
3024,19668,8,1,1
3025,19669,8,1,1
3026,19670,8,1,1
3027,19671,8,1,1
3028,19672,8,1,1
3029,19673,8,1,19
3030,19674,8,1,19
3031,19675,8,1,19
3032,19676,8,1,19
3033,19677,8,1,19
3034,19678,8,1,19
3035,19679,8,1,19
3036,19680,8,1,1
3037,19681,8,1,1
3038,19682,8,1,1
3039,19683,8,1,1
3040,19684,8,1,1
3041,19685,8,8,1
3042,19686,8,8,1
3043,19687,8,8,1
3044,19688,8,8,19
3045,19689,8,8,19
3046,19690,8,8,19
3047,19691,8,8,19
3048,19692,8,8,19
3049,19693,8,8,19
3050,19694,8,8,19
3051,19695,8,8,19
3052,19696,8,8,19
3053,19697,8,8,19
3054,19698,8,8,19
3055,19699,8,8,19
3056,19700,8,8,19
3057,19701,8,8,19
3058,19702,8,13,19
3059,19703,8,13,19
3060,19704,8,13,19
3061,19705,8,13,19
3062,19706,8,13,19
3063,19707,8,13,19
3064,19708,8,13,19
3065,19709,8,13,19
3066,19710,8,13,19
3067,19711,8,13,19
3068,19712,8,13,19
3069,19713,8,13,19
3070,19714,8,13,19
3071,19715,8,13,19
3072,19716,8,1,19
3073,19717,8,1,19
3074,19718,8,1,19
3075,19719,8,1,19
3076,19720,8,1,19
3077,19721,8,1,19
3078,19722,8,1,19
3079,19723,7,1,19
3080,19724,7,1,19
3081,19725,7,1,19
3082,19726,7,1,19
3083,19727,7,1,19
3084,19728,7,1,19
3085,19729,7,1,19
3086,19730,7,1,19
3087,19731,7,1,19
3088,19732,7,1,19
3089,19733,7,1,1
3090,19734,7,1,1
3091,19735,2,1,1
3092,19736,2,1,1
3093,19737,2,1,1
3094,19738,2,1,1
3095,19739,2,1,1
3096,19740,8,1,1
3097,19741,8,1,19
3098,19742,8,1,19
3099,19743,8,1,19
3100,19744,8,1,19
3101,19745,8,1,19
3102,19746,8,1,19
3103,19747,8,1,19
3104,19748,8,1,19
3105,19749,8,1,19
3106,19750,8,1,19
3107,19751,8,1,19
3108,19752,8,1,19
3109,19753,8,1,19
3110,19754,8,1,19
3111,19755,8,1,19
3112,19756,8,1,19
3113,19757,8,1,19
3114,19758,8,1,19
3115,19759,8,1,19
3116,19760,8,1,19
3117,19761,8,1,2
3118,19762,8,1,2
3119,19763,8,1,2
3120,19764,8,1,2
3121,19765,8,1,2
3122,19766,8,1,2
3123,19767,8,1,2
3124,19768,8,1,2
3125,19769,8,1,2
3126,19770,8,1,2
3127,19771,8,1,2
3128,19772,8,1,2
3129,19773,8,1,2
3130,19774,8,1,2
3131,19775,8,1,2
3132,19776,8,1,2
3133,19777,8,1,2
3134,19778,8,1,2
3135,19779,8,1,2
3136,19780,8,1,2
3137,19781,8,1,2
3138,19782,8,1,2
3139,19783,8,1,2
3140,19784,8,1,2
3141,19785,8,1,2
3142,19786,8,1,2
3143,19787,8,1,2
3144,19788,8,1,2
3145,19789,8,1,2
3146,19790,8,1,2
3147,19791,8,1,2
3148,19792,8,1,2
3149,19793,8,1,2
3150,19794,8,1,2
3151,19795,8,1,2
3152,19796,8,1,2
3153,19797,8,1,2
3154,19798,8,1,2
3155,19799,8,1,2
3156,19800,8,1,2
3157,19801,8,1,2
3158,19802,8,1,2
3159,19803,8,1,2
3160,19804,8,1,2
3161,19805,8,1,2
3162,19806,8,1,2
3163,19807,8,1,2
3164,19808,8,1,2
3165,19809,8,1,2
3166,19810,8,1,2
3167,19811,8,1,2
3168,19812,8,1,2
3169,19813,8,1,2
3170,19814,8,1,2
3171,19815,2,1,2
3172,19816,2,1,2
3173,19817,2,1,2
3174,19818,2,1,2
3175,19819,2,1,2
3176,19820,2,1,2
3177,19821,2,1,2
3178,19822,2,1,2
3179,19823,2,1,2
3180,19824,2,1,2
3181,19825,2,1,2
3182,19826,2,1,2
3183,19827,2,1,2
3184,19828,2,1,2
3185,19829,2,1,2
3186,19830,2,1,2
3187,19831,2,1,2
3188,19832,2,1,2
3189,19833,2,1,2
3190,19834,2,1,2
3191,19835,2,1,2
3192,19836,2,1,2
3193,19837,2,1,2
3194,19838,2,1,2
3195,19839,2,1,2
3196,19840,2,1,2
3197,19841,2,1,2
3198,19842,2,1,2
3199,19843,2,1,2
3200,19844,2,1,2
3201,19845,2,1,2
3202,19846,2,1,2
3203,19847,2,1,2
3204,19848,2,1,2
3205,19849,2,1,2
3206,19850,2,1,2
3207,19851,2,1,2
3208,19852,2,1,2
3209,19853,2,1,2
3210,19854,2,1,2
3211,19855,2,1,2
3212,19856,2,1,2
3213,19857,2,1,2
3214,19858,2,1,2
3215,19859,2,1,2
3216,19860,2,1,2
3217,19861,2,1,2
3218,19862,2,1,2
3219,19863,2,1,2
3220,19864,2,1,2
3221,19865,2,1,2
3222,19866,2,1,2
3223,19867,2,1,2
3224,19868,2,1,2
3225,19869,2,1,2
3226,19870,2,1,2
3227,19871,2,1,2
3228,19872,2,1,2
3229,19873,2,1,2
3230,19874,2,1,2
3231,19875,2,1,2
3232,19876,2,1,2
3233,19877,2,1,2
3234,19878,2,1,2
3235,19879,2,1,2
3236,19880,2,1,2
3237,19881,2,1,2
3238,19882,2,1,2
3239,19883,2,1,2
3240,19884,2,1,2
3241,19885,2,1,2
3242,19886,2,1,2
3243,19887,2,1,2
3244,19888,2,1,2
3245,19889,2,1,2
3246,19890,2,1,2
3247,19891,2,1,2
3248,19892,2,1,2
3249,19893,2,1,2
3250,19894,2,1,2
3251,19895,2,1,2
3252,19896,2,1,2
3253,19897,2,1,2
3254,19898,2,1,2
3255,19899,2,91,2
3256,19900,2,91,2
3257,19901,2,91,2
3258,19902,2,91,2
3259,19903,2,91,2
3260,19904,2,91,2
3261,19905,2,91,2
3262,19906,2,91,2
3263,19907,2,91,2
3264,19908,2,91,2
3265,19909,2,91,2
3266,19910,2,91,2
3267,19911,2,91,2
3268,19912,2,91,2
3269,19913,7,91,2
3270,19914,7,91,2
3271,19915,7,91,2
3272,19916,7,91,2
3273,19917,7,91,2
3274,19918,7,91,2
3275,19919,7,91,2
3276,19920,2,91,2
3277,19921,2,91,8
3278,19922,2,91,8
3279,19923,2,91,9
3280,19924,2,91,9
3281,19925,2,91,9
3282,19926,2,91,9
3283,19927,2,7,9
3284,19928,2,7,9
3285,19929,2,7,9
3286,19930,2,7,9
3287,19931,2,7,9
3288,19932,2,7,9
3289,19933,2,7,2
3290,19934,2,7,2
3291,19935,2,7,2
3292,19936,2,7,2
3293,19937,2,7,2
3294,19938,2,7,2
3295,19939,2,7,2
3296,19940,2,7,2
3297,19941,2,7,2
3298,19942,2,7,2
3299,19943,2,7,2
3300,19944,2,1,2
3301,19945,2,1,2
3302,19946,2,1,7
3303,19947,2,1,7
3304,19948,2,1,7
3305,19949,2,1,7
3306,19950,2,1,7
3307,19951,2,1,2
3308,19952,2,1,2
3309,19953,2,1,2
3310,19954,2,1,2
3311,19955,2,1,2
3312,19956,2,1,2
3313,19957,2,1,2
3314,19958,2,1,2
3315,19959,2,1,2
3316,19960,2,1,2
3317,19961,2,1,2
3318,19962,2,1,2
3319,19963,2,1,2
3320,19964,2,1,2
3321,19965,2,1,2
3322,19966,2,1,2
3323,19967,2,1,2
3324,19968,2,1,2
3325,19969,2,1,2
3326,19970,2,1,2
3327,19971,2,1,2
3328,19972,2,1,2
3329,19973,2,1,2
3330,19974,2,1,2
3331,19975,2,1,2
3332,19976,2,1,2
3333,19977,2,1,2
3334,19978,2,1,2
3335,19979,2,1,2
3336,19980,2,1,2
3337,19981,2,1,2
3338,19982,2,1,2
3339,19983,2,1,2
3340,19984,2,1,2
3341,19985,2,1,2
3342,19986,2,1,2
3343,19987,2,1,2
3344,19988,2,1,2
3345,19989,2,1,2
3346,19990,2,1,2
3347,19991,2,1,2
3348,19992,2,1,2
3349,19993,2,1,2
3350,19994,2,1,2
3351,19995,2,1,2
3352,19996,2,1,2
3353,19997,2,1,2
3354,19998,2,1,2
3355,19999,2,1,2
3356,20000,2,1,2
3357,20001,2,1,2
3358,20002,2,1,2
3359,20003,2,1,2
3360,20004,2,1,2
3361,20005,2,1,2
3362,20006,2,1,2
3363,20007,2,1,2
3364,20008,2,1,2
3365,20009,2,1,2
3366,20010,2,1,2
3367,20011,2,1,2
3368,20012,2,1,2
3369,20013,2,1,2
3370,20014,2,1,2
3371,20015,2,1,2
3372,20016,2,1,2
3373,20017,2,1,2
3374,20018,2,1,2
3375,20019,2,1,2
3376,20020,2,1,2
3377,20021,2,1,2
3378,20022,2,1,2
3379,20023,2,1,2
3380,20024,2,1,2
3381,20025,2,1,2
3382,20026,2,1,2
3383,20027,2,1,2
3384,20028,2,1,2
3385,20029,2,1,2
3386,20030,2,1,2
3387,20031,2,1,2
3388,20032,2,1,2
3389,20033,2,1,2
3390,20034,2,1,2
3391,20035,2,1,2
3392,20036,2,1,2
3393,20037,2,1,2
3394,20038,2,1,2
3395,20039,2,1,2
3396,20040,2,1,2
3397,20041,2,1,2
3398,20042,2,1,2
3399,20043,2,1,2
3400,20044,2,1,2
3401,20045,2,1,2
3402,20046,2,1,2
3403,20047,2,1,2
3404,20048,2,1,2
3405,20049,2,1,2
3406,20050,2,1,2
3407,20051,2,1,2
3408,20052,2,1,2
3409,20053,2,1,2
3410,20054,2,1,2
3411,20055,2,1,2
3412,20056,2,1,2
3413,20057,2,1,2
3414,20058,2,1,2
3415,20059,2,1,2
3416,20060,2,1,2
3417,20061,2,1,2
3418,20062,2,1,2
3419,20063,2,1,2
3420,20064,2,1,2
3421,20065,2,1,2
3422,20066,2,1,2
3423,20067,2,1,2
3424,20068,2,1,2
3425,20069,2,1,2
3426,20070,2,1,2
3427,20071,2,1,2
3428,20072,2,1,2
3429,20073,2,1,2
3430,20074,2,1,2
3431,20075,2,1,2
3432,20076,2,1,2
3433,20077,2,1,2
3434,20078,2,1,2
3435,20079,2,1,2
3436,20080,2,1,2
3437,20081,2,1,2
3438,20082,2,1,2
3439,20083,2,1,2
3440,20084,2,1,2
3441,20085,2,1,2
3442,20086,2,1,2
3443,20087,2,1,2
3444,20088,2,1,2
3445,20089,2,1,2
3446,20090,2,1,2
3447,20091,2,1,2
3448,20092,2,1,2
3449,20093,2,1,2
3450,20094,2,1,2
3451,20095,2,1,2
3452,20096,2,1,2
3453,20097,2,1,2
3454,20098,2,1,2
3455,20099,2,1,2
3456,20100,2,1,2
3457,20101,2,1,2
3458,20102,2,1,2
3459,20103,2,1,2
3460,20104,2,1,2
3461,20105,2,1,2
3462,20106,2,1,2
3463,20107,2,1,2
3464,20108,2,1,2
3465,20109,2,1,2
3466,20110,2,1,2
3467,20111,2,1,2
3468,20112,2,1,2
3469,20113,2,1,2
3470,20114,2,1,2
3471,20115,2,1,2
3472,20116,2,1,2
3473,20117,2,1,2
3474,20118,2,1,2
3475,20119,2,1,2
3476,20120,2,1,2
3477,20121,2,1,2
3478,20122,2,1,2
3479,20123,2,1,2
3480,20124,2,1,2
3481,20125,2,1,2
3482,20126,2,1,2
3483,20127,1,1,2
3484,20128,1,1,2
3485,20129,1,1,2
3486,20130,1,1,2
3487,20131,1,1,2
3488,20132,1,1,2
3489,20133,1,1,2
3490,20134,1,1,2
3491,20135,1,1,2
3492,20136,1,1,2
3493,20137,1,1,2
3494,20138,1,1,2
3495,20139,1,1,2
3496,20140,1,1,2
3497,20141,1,1,2
3498,20142,1,1,2
3499,20143,1,1,2
3500,20144,1,1,2
3501,20145,1,1,2
3502,20146,1,1,2
3503,20147,1,1,2
3504,20148,1,1,2
3505,20149,1,1,2
3506,20150,1,1,2
3507,20151,1,1,2
3508,20152,1,1,2
3509,20153,1,1,2
3510,20154,1,1,2
3511,20155,1,1,2
3512,20156,1,1,2
3513,20157,1,1,2
3514,20158,1,1,2
3515,20159,1,1,2
3516,20160,1,1,2
3517,20161,1,1,2
3518,20162,1,1,2
3519,20163,2,1,2
3520,20164,2,1,2
3521,20165,2,1,2
3522,20166,2,1,2
3523,20167,2,1,2
3524,20168,2,1,2
3525,20169,2,1,2
3526,20170,2,2,2
3527,20171,2,2,2
3528,20172,2,2,2
3529,20173,2,2,2
3530,20174,2,2,2
3531,20175,2,2,2
3532,20176,2,2,2
3533,20177,2,2,2
3534,20178,2,2,2
3535,20179,2,2,2
3536,20180,2,2,2
3537,20181,2,2,2
3538,20182,2,2,2
3539,20183,2,2,2
3540,20184,2,2,2
3541,20185,2,2,2
3542,20186,2,2,2
3543,20187,2,2,2
3544,20188,2,2,2
3545,20189,2,2,2
3546,20190,2,2,2
3547,20191,2,2,2
3548,20192,2,2,2
3549,20193,2,2,2
3550,20194,2,2,2
3551,20195,2,1,2
3552,20196,2,1,2
3553,20197,2,1,2
3554,20198,2,1,2
3555,20199,2,1,2
3556,20200,2,1,2
3557,20201,2,1,2
3558,20202,2,1,2
3559,20203,2,1,2
3560,20204,2,1,2
3561,20205,2,1,2
3562,20206,2,1,2
3563,20207,2,1,2
3564,20208,2,1,2
3565,20209,2,1,2
3566,20210,2,1,2
3567,20211,2,1,2
3568,20212,2,1,2
3569,20213,2,1,2
3570,20214,2,1,2
3571,20215,2,1,2
3572,20216,2,1,2
3573,20217,2,1,2
3574,20218,2,1,2
3575,20219,2,1,2
3576,20220,2,1,2
3577,20221,2,1,2
3578,20222,2,1,2
3579,20223,2,1,2
3580,20224,2,1,2
3581,20225,2,1,2
3582,20226,2,1,2
3583,20227,2,1,2
3584,20228,2,1,2
3585,20229,2,1,2
3586,20230,2,1,2
3587,20231,2,1,2
3588,20232,2,1,2
3589,20233,2,1,2
3590,20234,2,1,2
3591,20235,2,1,2
3592,20236,2,1,2
3593,20237,2,1,2
3594,20238,2,13,2
3595,20239,2,13,2
3596,20240,2,13,2
3597,20241,2,13,2
3598,20242,2,13,2
3599,20243,2,13,2
3600,20244,2,13,2
3601,20245,2,13,2
3602,20246,2,13,2
3603,20247,2,13,2
3604,20248,2,13,2
3605,20249,2,13,2
3606,20250,2,13,2
3607,20251,2,13,2
3608,20252,2,13,2
3609,20253,2,13,2
3610,20254,2,13,2
3611,20255,2,13,2
3612,20256,2,13,2
3613,20257,2,13,2
3614,20258,2,13,2
3615,20259,2,13,2
3616,20260,2,13,2
3617,20261,2,13,2
3618,20262,2,13,2
3619,20263,2,13,1
3620,20264,2,13,1
3621,20265,2,13,1
3622,20266,2,13,1
3623,20267,2,13,1
3624,20268,2,13,1
3625,20269,2,13,1
3626,20270,2,13,1
3627,20271,2,13,1
3628,20272,2,13,1
3629,20273,2,13,1
3630,20274,2,13,1
3631,20275,2,13,1
3632,20276,2,13,1
3633,20277,2,13,1
3634,20278,2,13,2
3635,20279,2,13,2
3636,20280,2,13,2
3637,20281,2,13,2
3638,20282,2,13,2
3639,20283,2,13,2
3640,20284,2,13,2
3641,20285,2,13,2
3642,20286,2,13,2
3643,20287,2,13,2
3644,20288,2,13,2
3645,20289,2,13,2
3646,20290,2,13,2
3647,20291,2,13,2
3648,20292,2,13,2
3649,20293,2,13,2
3650,20294,2,13,2
3651,20295,2,1,2
3652,20296,2,1,2
3653,20297,2,1,2
3654,20298,2,1,2
3655,20299,2,1,2
3656,20300,2,1,2
3657,20301,2,1,2
3658,20302,2,1,2
3659,20303,2,1,2
3660,20304,2,1,2
3661,20305,2,1,2
3662,20306,2,1,2
3663,20307,2,1,2
3664,20308,2,1,2
3665,20309,2,1,2
3666,20310,2,1,2
3667,20311,2,1,1
3668,20312,2,1,1
3669,20313,2,1,1
3670,20314,2,1,1
3671,20315,2,1,1
3672,20316,2,1,1
3673,20317,2,1,1
3674,20318,2,1,1
3675,20319,2,13,1
3676,20320,1,13,1
3677,20321,1,13,1
3678,20322,1,13,1
3679,20323,1,13,1
3680,20324,1,13,1
3681,20325,1,13,1
3682,20326,1,13,1
3683,20327,1,13,1
3684,20328,1,1,1
3685,20329,1,1,1
3686,20330,2,1,1
3687,20331,2,1,1
3688,20332,2,1,1
3689,20333,2,1,1
3690,20334,2,1,1
3691,20335,2,1,1
3692,20336,2,1,1
3693,20337,2,1,1
3694,20338,2,1,1
3695,20339,2,1,1
3696,20340,2,1,1
3697,20341,2,1,1
3698,20342,2,1,1
3699,20343,2,1,1
3700,20344,2,1,1
3701,20345,2,1,1
3702,20346,2,1,1
3703,20347,2,1,1
3704,20348,2,1,1
3705,20349,2,1,1
3706,20350,2,1,1
3707,20351,2,1,1
3708,20352,2,1,1
3709,20353,2,1,2
3710,20354,2,1,2
3711,20355,2,1,2
3712,20356,2,1,2
3713,20357,2,1,2
3714,20358,2,1,2
3715,20359,2,1,2
3716,20360,2,1,2
3717,20361,2,1,2
3718,20362,2,1,2
3719,20363,2,1,2
3720,20364,2,1,2
3721,20365,2,1,2
3722,20366,2,1,2
3723,20367,2,1,2
3724,20368,2,1,2
3725,20369,2,1,2
3726,20370,2,1,2
3727,20371,2,1,2
3728,20372,2,2,2
3729,20373,2,2,2
3730,20374,2,2,2
3731,20375,2,2,2
3732,20376,2,2,2
3733,20377,2,2,2
3734,20378,2,2,2
3735,20379,2,2,2
3736,20380,2,2,2
3737,20381,2,2,2
3738,20382,1,2,2
3739,20383,1,2,2
3740,20384,1,2,2
3741,20385,1,2,2
3742,20386,1,2,1
3743,20387,1,2,1
3744,20388,1,2,1
3745,20389,1,2,1
3746,20390,2,2,1
3747,20391,2,2,1
3748,20392,2,2,1
3749,20393,2,2,1
3750,20394,2,2,1
3751,20395,2,2,1
3752,20396,2,2,1
3753,20397,2,2,1
3754,20398,2,2,1
3755,20399,2,2,2
3756,20400,2,2,2
3757,20401,2,2,2
3758,20402,2,2,2
3759,20403,2,2,2
3760,20404,2,2,2
3761,20405,2,2,2
3762,20406,2,2,2
3763,20407,2,2,2
3764,20408,2,2,2
3765,20409,2,2,2
3766,20410,2,2,2
3767,20411,2,2,2
3768,20412,2,2,2
3769,20413,2,2,2
3770,20414,2,2,1
3771,20415,2,2,1
3772,20416,2,1,1
3773,20417,2,1,1
3774,20418,2,1,1
3775,20419,2,1,1
